cluster_id,size,top_10_keywords,sample_fragment
0,459,"pautas, puedo, pagos, transfronterizos, cumplimiento, las, encontrar, dónde, advise, para",¿Dónde puedo encontrar las pautas de cumplimiento para pagos transfronterizos? Please advise....
1,486,"encontrar, dónde, pautas, pagos, puedo, cumplimiento, transfronterizos, las, advance, thanks",¿Dónde puedo encontrar las pautas de cumplimiento para pagos transfronterizos? Thanks in advance....
2,506,"autorizaciones, caído, tiempo, está, hoy, real, api, endpoint, la, advise",¿Está caído hoy el endpoint de la API para autorizaciones en tiempo real? Please advise....
3,42,"mxn, advise, liquidaciones, cuál, cambio, es, actual, internacionales, tipo, usd",¿Cuál es el tipo de cambio actual de USD a MXN para liquidaciones internacionales? Please advise....
4,452,"pautas, puedo, pagos, transfronterizos, las, cumplimiento, dónde, encontrar, urgent, para",¿Dónde puedo encontrar las pautas de cumplimiento para pagos transfronterizos? Urgent....
5,475,"getting, trying, risk, internal, dashboard, code, access, error, 403, amex",I am getting an error code 403 when trying to access the internal Amex risk dashboard. Please advise....
6,484,"caído, autorizaciones, está, tiempo, hoy, endpoint, real, api, la, advance",¿Está caído hoy el endpoint de la API para autorizaciones en tiempo real? Thanks in advance....
7,43,"sgd, cuál, advise, tipo, internacionales, actual, es, cambio, liquidaciones, usd",¿Cuál es el tipo de cambio actual de USD a SGD para liquidaciones internacionales? Please advise....
8,36,"mxn, advance, es, cuál, actual, tipo, internacionales, liquidaciones, cambio, thanks",¿Cuál es el tipo de cambio actual de USD a MXN para liquidaciones internacionales? Thanks in advance....
9,431,"pautas, puedo, pagos, transfronterizos, cumplimiento, las, encontrar, dónde, asap, para",¿Dónde puedo encontrar las pautas de cumplimiento para pagos transfronterizos? ASAP....
10,464,"son, cuáles, año, límites, este, acceso, sala, vip, los, centurion",¿Cuáles son los límites para el acceso a la sala VIP Centurion este año? Please advise....
11,494,"getting, dashboard, code, risk, internal, trying, error, access, 403, amex",I am getting an error code 403 when trying to access the internal Amex risk dashboard. Thanks in advance....
12,472,"caído, hoy, autorizaciones, tiempo, está, real, endpoint, api, la, urgent",¿Está caído hoy el endpoint de la API para autorizaciones en tiempo real? Urgent....
13,33,"gbp, advise, liquidaciones, cuál, cambio, es, actual, internacionales, tipo, usd",¿Cuál es el tipo de cambio actual de USD a GBP para liquidaciones internacionales? Please advise....
14,36,"sgd, cambio, internacionales, cuál, liquidaciones, actual, tipo, advance, es, thanks",¿Cuál es el tipo de cambio actual de USD a SGD para liquidaciones internacionales? Thanks in advance....
15,36,"mxn, cuál, liquidaciones, internacionales, cambio, es, tipo, actual, urgent, usd",¿Cuál es el tipo de cambio actual de USD a MXN para liquidaciones internacionales? Urgent....
16,424,"pautas, puedo, pagos, transfronterizos, cumplimiento, las, dónde, encontrar, help, para",¿Dónde puedo encontrar las pautas de cumplimiento para pagos transfronterizos? Help....
17,486,"guidelines, border, payments, cross, compliance, advise, 2993, 3009, 3010, 3011",Where can I find the compliance guidelines for cross-border payments? Please advise....
18,502,"cuáles, vip, año, este, límites, sala, son, acceso, centurion, los",¿Cuáles son los límites para el acceso a la sala VIP Centurion este año? Thanks in advance....
19,469,"getting, trying, dashboard, risk, internal, code, error, access, 403, amex",I am getting an error code 403 when trying to access the internal Amex risk dashboard. Urgent....
20,485,"tiempo, caído, está, hoy, autorizaciones, endpoint, api, real, la, asap",¿Está caído hoy el endpoint de la API para autorizaciones en tiempo real? ASAP....
21,42,"jpy, advise, liquidaciones, cuál, cambio, es, actual, internacionales, tipo, usd",¿Cuál es el tipo de cambio actual de USD a JPY para liquidaciones internacionales? Please advise....
22,51,"gbp, es, cambio, cuál, liquidaciones, actual, tipo, internacionales, advance, thanks",¿Cuál es el tipo de cambio actual de USD a GBP para liquidaciones internacionales? Thanks in advance....
23,53,"sgd, liquidaciones, cuál, cambio, es, internacionales, actual, tipo, urgent, usd",¿Cuál es el tipo de cambio actual de USD a SGD para liquidaciones internacionales? Urgent....
24,53,"mxn, cuál, liquidaciones, cambio, asap, es, actual, internacionales, tipo, usd",¿Cuál es el tipo de cambio actual de USD a MXN para liquidaciones internacionales? ASAP....
25,468,"pautas, puedo, pagos, cumplimiento, transfronterizos, las, encontrar, dónde, pls, para",¿Dónde puedo encontrar las pautas de cumplimiento para pagos transfronterizos? Pls....
26,440,"guidelines, compliance, payments, cross, border, advance, thanks, 3011, 3007, 3008",Where can I find the compliance guidelines for cross-border payments? Thanks in advance....
27,470,"today, authorizations, time, api, endpoint, real, advise, 3006, 3007, 3008",Is the API endpoint for real-time authorizations down today? Please advise....
28,450,"son, acceso, año, vip, límites, este, sala, cuáles, los, centurion",¿Cuáles son los límites para el acceso a la sala VIP Centurion este año? Urgent....
29,459,"getting, trying, code, dashboard, risk, internal, access, error, 403, amex",I am getting an error code 403 when trying to access the internal Amex risk dashboard. ASAP....
30,466,"caído, está, tiempo, hoy, autorizaciones, api, real, endpoint, la, en",¿Está caído hoy el endpoint de la API para autorizaciones en tiempo real? Help....
31,53,"eur, advise, liquidaciones, cuál, cambio, es, actual, internacionales, tipo, usd",¿Cuál es el tipo de cambio actual de USD a EUR para liquidaciones internacionales? Please advise....
32,47,"jpy, advance, es, cuál, actual, tipo, internacionales, liquidaciones, cambio, thanks",¿Cuál es el tipo de cambio actual de USD a JPY para liquidaciones internacionales? Thanks in advance....
33,54,"gbp, cuál, es, internacionales, tipo, actual, cambio, liquidaciones, urgent, usd",¿Cuál es el tipo de cambio actual de USD a GBP para liquidaciones internacionales? Urgent....
34,39,"sgd, liquidaciones, es, asap, actual, tipo, internacionales, cuál, cambio, usd",¿Cuál es el tipo de cambio actual de USD a SGD para liquidaciones internacionales? ASAP....
35,51,"mxn, internacionales, es, liquidaciones, actual, tipo, cuál, cambio, help, usd",¿Cuál es el tipo de cambio actual de USD a MXN para liquidaciones internacionales? Help....
36,475,"pautas, puedo, pagos, las, transfronterizos, cumplimiento, encontrar, dónde, thanks, para",¿Dónde puedo encontrar las pautas de cumplimiento para pagos transfronterizos? Thanks....
37,463,"encontrar, pautas, puedo, pagos, dónde, transfronterizos, las, cumplimiento, para, último",¿Dónde puedo encontrar las pautas de cumplimiento para pagos transfronterizos?...
38,458,"guidelines, compliance, payments, cross, border, urgent, 3013, 3008, 3009, 301",Where can I find the compliance guidelines for cross-border payments? Urgent....
39,473,"al, riesgo, interno, panel, acceder, obtengo, código, intentar, error, 403",Obtengo un código de error 403 al intentar acceder al panel de riesgo interno de Amex. Please advise....
40,466,"authorizations, time, today, endpoint, real, api, advance, thanks, último, 3006",Is the API endpoint for real-time authorizations down today? Thanks in advance....
41,418,"son, año, sala, vip, límites, cuáles, este, acceso, centurion, los",¿Cuáles son los límites para el acceso a la sala VIP Centurion este año? ASAP....
42,506,"getting, trying, risk, internal, dashboard, code, error, access, 403, amex",I am getting an error code 403 when trying to access the internal Amex risk dashboard. Help....
43,493,"caído, autorizaciones, está, tiempo, hoy, endpoint, real, api, la, pls",¿Está caído hoy el endpoint de la API para autorizaciones en tiempo real? Pls....
44,54,"brl, advise, actual, cuál, liquidaciones, cambio, es, tipo, internacionales, usd",¿Cuál es el tipo de cambio actual de USD a BRL para liquidaciones internacionales? Please advise....
45,52,"eur, advance, es, cuál, actual, tipo, internacionales, liquidaciones, cambio, thanks",¿Cuál es el tipo de cambio actual de USD a EUR para liquidaciones internacionales? Thanks in advance....
46,49,"jpy, cuál, liquidaciones, internacionales, cambio, es, tipo, actual, urgent, usd",¿Cuál es el tipo de cambio actual de USD a JPY para liquidaciones internacionales? Urgent....
47,49,"gbp, cuál, asap, liquidaciones, cambio, es, actual, internacionales, tipo, usd",¿Cuál es el tipo de cambio actual de USD a GBP para liquidaciones internacionales? ASAP....
48,44,"sgd, internacionales, es, liquidaciones, actual, tipo, cuál, cambio, help, usd",¿Cuál es el tipo de cambio actual de USD a SGD para liquidaciones internacionales? Help....
49,49,"mxn, pls, internacionales, cambio, tipo, cuál, actual, es, liquidaciones, usd",¿Cuál es el tipo de cambio actual de USD a MXN para liquidaciones internacionales? Pls....
50,454,"guidelines, border, payments, cross, compliance, asap, 3009, 301, 3010, 3011",Where can I find the compliance guidelines for cross-border payments? ASAP....
51,468,"explique, tercer, favor, nuevos, beneficios, trimestre, express, platinum, los, american","Por favor, explique los nuevos beneficios de American Express Platinum para el tercer trimestre. Please advise...."
52,476,"al, riesgo, panel, interno, obtengo, acceder, código, intentar, error, 403",Obtengo un código de error 403 al intentar acceder al panel de riesgo interno de Amex. Thanks in advance....
53,477,"authorizations, time, today, endpoint, real, api, urgent, último, 3010, 3006",Is the API endpoint for real-time authorizations down today? Urgent....
54,499,"son, año, sala, vip, límites, este, cuáles, acceso, centurion, los",¿Cuáles son los límites para el acceso a la sala VIP Centurion este año? Help....
55,472,"getting, code, risk, dashboard, trying, internal, error, access, 403, amex",I am getting an error code 403 when trying to access the internal Amex risk dashboard. Pls....
56,461,"caído, hoy, autorizaciones, tiempo, está, real, endpoint, api, la, en",¿Está caído hoy el endpoint de la API para autorizaciones en tiempo real? Thanks....
57,431,"caído, está, hoy, autorizaciones, tiempo, real, endpoint, api, la, en",¿Está caído hoy el endpoint de la API para autorizaciones en tiempo real?...
58,51,"aud, cuál, liquidaciones, cambio, advise, es, actual, internacionales, tipo, usd",¿Cuál es el tipo de cambio actual de USD a AUD para liquidaciones internacionales? Please advise....
59,61,"brl, advance, es, cuál, actual, tipo, internacionales, liquidaciones, cambio, thanks",¿Cuál es el tipo de cambio actual de USD a BRL para liquidaciones internacionales? Thanks in advance....
60,50,"eur, internacionales, cambio, liquidaciones, actual, tipo, es, cuál, urgent, usd",¿Cuál es el tipo de cambio actual de USD a EUR para liquidaciones internacionales? Urgent....
61,49,"jpy, cuál, asap, liquidaciones, cambio, es, actual, internacionales, tipo, usd",¿Cuál es el tipo de cambio actual de USD a JPY para liquidaciones internacionales? ASAP....
62,52,"gbp, internacionales, es, cuál, tipo, actual, liquidaciones, cambio, help, usd",¿Cuál es el tipo de cambio actual de USD a GBP para liquidaciones internacionales? Help....
63,48,"sgd, pls, internacionales, es, liquidaciones, actual, tipo, cuál, cambio, usd",¿Cuál es el tipo de cambio actual de USD a SGD para liquidaciones internacionales? Pls....
64,40,"mxn, internacionales, es, liquidaciones, actual, tipo, cuál, cambio, thanks, usd",¿Cuál es el tipo de cambio actual de USD a MXN para liquidaciones internacionales? Thanks....
65,55,"mxn, cuál, liquidaciones, cambio, es, actual, internacionales, tipo, usd, el",¿Cuál es el tipo de cambio actual de USD a MXN para liquidaciones internacionales?...
66,472,"guidelines, border, payments, cross, compliance, help, 299, 3013, 3009, 301",Where can I find the compliance guidelines for cross-border payments? Help....
67,465,"beneficios, trimestre, explique, tercer, favor, nuevos, american, platinum, los, express","Por favor, explique los nuevos beneficios de American Express Platinum para el tercer trimestre. Thanks in advance...."
68,514,"al, intentar, riesgo, interno, panel, acceder, código, obtengo, error, 403",Obtengo un código de error 403 al intentar acceder al panel de riesgo interno de Amex. Urgent....
69,469,"today, authorizations, time, api, endpoint, real, asap, 3006, 3007, 3008",Is the API endpoint for real-time authorizations down today? ASAP....
70,466,"son, acceso, año, vip, límites, este, sala, cuáles, los, centurion",¿Cuáles son los límites para el acceso a la sala VIP Centurion este año? Pls....
71,412,"getting, dashboard, code, risk, internal, trying, error, access, 403, amex",I am getting an error code 403 when trying to access the internal Amex risk dashboard. Thanks....
72,476,"getting, code, risk, trying, internal, dashboard, error, access, 403, amex",I am getting an error code 403 when trying to access the internal Amex risk dashboard....
73,42,"cny, es, cambio, cuál, liquidaciones, actual, tipo, internacionales, advise, usd",¿Cuál es el tipo de cambio actual de USD a CNY para liquidaciones internacionales? Please advise....
74,38,"aud, advance, es, cuál, actual, tipo, internacionales, liquidaciones, cambio, thanks",¿Cuál es el tipo de cambio actual de USD a AUD para liquidaciones internacionales? Thanks in advance....
75,41,"brl, internacionales, cambio, liquidaciones, actual, tipo, es, cuál, urgent, usd",¿Cuál es el tipo de cambio actual de USD a BRL para liquidaciones internacionales? Urgent....
76,50,"eur, cuál, asap, liquidaciones, cambio, es, actual, internacionales, tipo, usd",¿Cuál es el tipo de cambio actual de USD a EUR para liquidaciones internacionales? ASAP....
77,51,"jpy, internacionales, cuál, liquidaciones, cambio, es, actual, tipo, help, usd",¿Cuál es el tipo de cambio actual de USD a JPY para liquidaciones internacionales? Help....
78,51,"gbp, pls, internacionales, cambio, liquidaciones, actual, tipo, es, cuál, usd",¿Cuál es el tipo de cambio actual de USD a GBP para liquidaciones internacionales? Pls....
79,48,"sgd, internacionales, es, cuál, actual, tipo, liquidaciones, cambio, thanks, usd",¿Cuál es el tipo de cambio actual de USD a SGD para liquidaciones internacionales? Thanks....
80,65,"sgd, liquidaciones, cambio, cuál, es, actual, internacionales, tipo, usd, el",¿Cuál es el tipo de cambio actual de USD a SGD para liquidaciones internacionales?...
81,494,"guidelines, border, payments, cross, compliance, pls, 2992, 3014, 301, 3010",Where can I find the compliance guidelines for cross-border payments? Pls....
82,414,"explain, q3, new, benefits, platinum, express, american, advise, 3011, 3008",Please explain the new American Express platinum benefits for Q3. Please advise....
83,45,"marriott, el, último, informe, advance, ayudarme, obtener, transacciones, comerciante, puedes",¿Puedes ayudarme a obtener el último informe de transacciones para el comerciante Marriott? Thanks in advance....
84,467,"explique, favor, nuevos, beneficios, trimestre, tercer, platinum, express, los, american","Por favor, explique los nuevos beneficios de American Express Platinum para el tercer trimestre. Urgent...."
85,467,"al, código, riesgo, panel, interno, obtengo, acceder, intentar, error, 403",Obtengo un código de error 403 al intentar acceder al panel de riesgo interno de Amex. ASAP....
86,400,"today, authorizations, time, api, endpoint, real, help, 3006, 3007, 3008",Is the API endpoint for real-time authorizations down today? Help....
87,513,"son, acceso, año, vip, límites, este, sala, cuáles, los, centurion",¿Cuáles son los límites para el acceso a la sala VIP Centurion este año? Thanks....
88,486,"son, este, cuáles, acceso, límites, año, sala, vip, los, centurion",¿Cuáles son los límites para el acceso a la sala VIP Centurion este año?...
89,47,"inr, advise, liquidaciones, cuál, cambio, es, actual, internacionales, tipo, usd",¿Cuál es el tipo de cambio actual de USD a INR para liquidaciones internacionales? Please advise....
90,64,"cad, actual, cuál, liquidaciones, cambio, es, advise, tipo, internacionales, usd",¿Cuál es el tipo de cambio actual de USD a CAD para liquidaciones internacionales? Please advise....
91,71,"cny, advance, es, cuál, actual, tipo, internacionales, liquidaciones, cambio, thanks",¿Cuál es el tipo de cambio actual de USD a CNY para liquidaciones internacionales? Thanks in advance....
92,45,"aud, internacionales, cambio, liquidaciones, actual, tipo, es, cuál, urgent, usd",¿Cuál es el tipo de cambio actual de USD a AUD para liquidaciones internacionales? Urgent....
93,41,"brl, liquidaciones, cuál, asap, cambio, es, actual, internacionales, tipo, usd",¿Cuál es el tipo de cambio actual de USD a BRL para liquidaciones internacionales? ASAP....
94,51,"eur, cuál, cambio, actual, tipo, internacionales, liquidaciones, es, help, usd",¿Cuál es el tipo de cambio actual de USD a EUR para liquidaciones internacionales? Help....
95,49,"jpy, pls, internacionales, es, liquidaciones, actual, tipo, cuál, cambio, usd",¿Cuál es el tipo de cambio actual de USD a JPY para liquidaciones internacionales? Pls....
96,44,"gbp, internacionales, cambio, liquidaciones, actual, tipo, es, cuál, thanks, usd",¿Cuál es el tipo de cambio actual de USD a GBP para liquidaciones internacionales? Thanks....
97,37,"gbp, cuál, liquidaciones, cambio, es, internacionales, actual, tipo, usd, el",¿Cuál es el tipo de cambio actual de USD a GBP para liquidaciones internacionales?...
98,506,"guidelines, payments, border, cross, compliance, 3018, 3019, 3017, 3016, 3015",Where can I find the compliance guidelines for cross-border payments?...
99,432,"guidelines, compliance, payments, cross, border, thanks, 3012, 3008, 3009, 301",Where can I find the compliance guidelines for cross-border payments? Thanks....
100,508,"lounge, year, limits, centurion, access, advise, 3012, 3007, 3008, 3009",What are the limits for Centurion lounge access this year? Please advise....
101,512,"explain, q3, new, benefits, express, platinum, american, advance, thanks, último",Please explain the new American Express platinum benefits for Q3. Thanks in advance....
102,44,"starbucks, el, último, puedes, transacciones, advance, obtener, informe, comerciante, ayudarme",¿Puedes ayudarme a obtener el último informe de transacciones para el comerciante Starbucks? Thanks in advance....
103,60,"marriott, el, informe, advise, ayudarme, obtener, último, transacciones, puedes, comerciante",¿Puedes ayudarme a obtener el último informe de transacciones para el comerciante Marriott? Please advise....
104,499,"explique, favor, nuevos, beneficios, trimestre, tercer, express, platinum, american, los","Por favor, explique los nuevos beneficios de American Express Platinum para el tercer trimestre. ASAP...."
105,466,"al, código, intentar, interno, acceder, obtengo, panel, riesgo, error, 403",Obtengo un código de error 403 al intentar acceder al panel de riesgo interno de Amex. Help....
106,491,"today, authorizations, time, api, real, endpoint, pls, 3007, 3008, 3009",Is the API endpoint for real-time authorizations down today? Pls....
107,47,"inr, advance, es, cuál, actual, tipo, internacionales, liquidaciones, cambio, thanks",¿Cuál es el tipo de cambio actual de USD a INR para liquidaciones internacionales? Thanks in advance....
108,42,"cad, advance, cuál, actual, tipo, es, internacionales, cambio, liquidaciones, thanks",¿Cuál es el tipo de cambio actual de USD a CAD para liquidaciones internacionales? Thanks in advance....
109,44,"cny, internacionales, es, liquidaciones, actual, tipo, cuál, cambio, urgent, usd",¿Cuál es el tipo de cambio actual de USD a CNY para liquidaciones internacionales? Urgent....
110,39,"aud, liquidaciones, cuál, asap, cambio, es, actual, internacionales, tipo, usd",¿Cuál es el tipo de cambio actual de USD a AUD para liquidaciones internacionales? ASAP....
111,59,"brl, cuál, actual, liquidaciones, cambio, es, tipo, internacionales, help, usd",¿Cuál es el tipo de cambio actual de USD a BRL para liquidaciones internacionales? Help....
112,33,"eur, pls, cambio, tipo, cuál, internacionales, actual, es, liquidaciones, usd",¿Cuál es el tipo de cambio actual de USD a EUR para liquidaciones internacionales? Pls....
113,42,"jpy, internacionales, es, liquidaciones, actual, tipo, cuál, cambio, thanks, usd",¿Cuál es el tipo de cambio actual de USD a JPY para liquidaciones internacionales? Thanks....
114,47,"jpy, cuál, liquidaciones, cambio, es, actual, internacionales, tipo, usd, el",¿Cuál es el tipo de cambio actual de USD a JPY para liquidaciones internacionales?...
115,495,"lounge, year, limits, access, centurion, advance, thanks, 3010, 3006, 3007",What are the limits for Centurion lounge access this year? Thanks in advance....
116,455,"explain, q3, new, benefits, platinum, express, american, urgent, 3011, 3007",Please explain the new American Express platinum benefits for Q3. Urgent....
117,49,"microsoft, el, último, informe, advance, ayudarme, obtener, transacciones, comerciante, puedes",¿Puedes ayudarme a obtener el último informe de transacciones para el comerciante Microsoft? Thanks in advance....
118,48,"starbucks, el, transacciones, comerciante, puedes, obtener, ayudarme, advise, último, informe",¿Puedes ayudarme a obtener el último informe de transacciones para el comerciante Starbucks? Please advise....
119,46,"marriott, el, puedes, ayudarme, obtener, informe, último, transacciones, comerciante, thanks",¿Puedes ayudarme a obtener el último informe de transacciones para el comerciante Marriott? Thanks....
120,432,"explique, favor, nuevos, beneficios, trimestre, tercer, platinum, express, los, american","Por favor, explique los nuevos beneficios de American Express Platinum para el tercer trimestre. Help...."
121,446,"al, intentar, riesgo, interno, panel, acceder, obtengo, código, error, 403",Obtengo un código de error 403 al intentar acceder al panel de riesgo interno de Amex. Thanks....
122,469,"today, authorizations, time, real, endpoint, api, thanks, último, 3006, 3007",Is the API endpoint for real-time authorizations down today? Thanks....
123,488,"authorizations, time, today, api, endpoint, real, 3011, 3007, 3008, 3009",Is the API endpoint for real-time authorizations down today?...
124,40,"inr, cuál, liquidaciones, internacionales, cambio, es, tipo, actual, urgent, usd",¿Cuál es el tipo de cambio actual de USD a INR para liquidaciones internacionales? Urgent....
125,37,"cad, internacionales, cambio, liquidaciones, actual, tipo, es, cuál, urgent, usd",¿Cuál es el tipo de cambio actual de USD a CAD para liquidaciones internacionales? Urgent....
126,48,"cny, cuál, liquidaciones, cambio, asap, es, actual, internacionales, tipo, usd",¿Cuál es el tipo de cambio actual de USD a CNY para liquidaciones internacionales? ASAP....
127,48,"aud, cuál, liquidaciones, cambio, es, actual, internacionales, tipo, help, usd",¿Cuál es el tipo de cambio actual de USD a AUD para liquidaciones internacionales? Help....
128,55,"brl, pls, liquidaciones, es, actual, tipo, internacionales, cuál, cambio, usd",¿Cuál es el tipo de cambio actual de USD a BRL para liquidaciones internacionales? Pls....
129,46,"eur, cuál, es, tipo, internacionales, actual, cambio, liquidaciones, thanks, usd",¿Cuál es el tipo de cambio actual de USD a EUR para liquidaciones internacionales? Thanks....
130,51,"eur, liquidaciones, cuál, cambio, es, internacionales, actual, tipo, usd, el",¿Cuál es el tipo de cambio actual de USD a EUR para liquidaciones internacionales?...
131,47,"sgd, international, exchange, advise, current, rate, settlements, usd, 3015, 301",What is the current exchange rate for USD to SGD for international settlements? Please advise....
132,446,"lounge, year, limits, centurion, access, urgent, último, 3011, 3006, 3007",What are the limits for Centurion lounge access this year? Urgent....
133,467,"q3, new, explain, benefits, platinum, american, express, asap, 3015, 3016",Please explain the new American Express platinum benefits for Q3. ASAP....
134,48,"walmart, el, informe, ayudarme, transacciones, advance, obtener, último, comerciante, puedes",¿Puedes ayudarme a obtener el último informe de transacciones para el comerciante Walmart? Thanks in advance....
135,39,"microsoft, el, último, informe, advise, ayudarme, obtener, transacciones, puedes, comerciante",¿Puedes ayudarme a obtener el último informe de transacciones para el comerciante Microsoft? Please advise....
136,36,"starbucks, el, informe, comerciante, puedes, obtener, ayudarme, transacciones, último, urgent",¿Puedes ayudarme a obtener el último informe de transacciones para el comerciante Starbucks? Urgent....
137,34,"marriott, el, puedes, ayudarme, obtener, informe, último, transacciones, comerciante, urgent",¿Puedes ayudarme a obtener el último informe de transacciones para el comerciante Marriott? Urgent....
138,480,"explique, favor, nuevos, beneficios, trimestre, tercer, platinum, express, los, american","Por favor, explique los nuevos beneficios de American Express Platinum para el tercer trimestre. Pls...."
139,444,"al, riesgo, panel, obtengo, intentar, código, acceder, interno, error, 403",Obtengo un código de error 403 al intentar acceder al panel de riesgo interno de Amex....
140,467,"al, código, riesgo, panel, interno, obtengo, acceder, intentar, error, 403",Obtengo un código de error 403 al intentar acceder al panel de riesgo interno de Amex. Pls....
141,38,"inr, cuál, asap, liquidaciones, cambio, es, actual, internacionales, tipo, usd",¿Cuál es el tipo de cambio actual de USD a INR para liquidaciones internacionales? ASAP....
142,50,"cad, liquidaciones, cuál, asap, cambio, es, actual, internacionales, tipo, usd",¿Cuál es el tipo de cambio actual de USD a CAD para liquidaciones internacionales? ASAP....
143,57,"cny, cuál, es, tipo, actual, internacionales, liquidaciones, cambio, help, usd",¿Cuál es el tipo de cambio actual de USD a CNY para liquidaciones internacionales? Help....
144,47,"aud, pls, liquidaciones, es, actual, tipo, internacionales, cuál, cambio, usd",¿Cuál es el tipo de cambio actual de USD a AUD para liquidaciones internacionales? Pls....
145,52,"brl, cambio, tipo, internacionales, actual, es, cuál, liquidaciones, thanks, usd",¿Cuál es el tipo de cambio actual de USD a BRL para liquidaciones internacionales? Thanks....
146,42,"brl, liquidaciones, cuál, cambio, es, internacionales, actual, tipo, usd, el",¿Cuál es el tipo de cambio actual de USD a BRL para liquidaciones internacionales?...
147,464,"contraseña, restablezco, mi, corporativa, la, amex, advise, cómo, tarjeta, 3009",¿Cómo restablezco la contraseña de mi tarjeta corporativa Amex? Please advise....
148,48,"microsoft, merchant, latest, advance, pull, transaction, report, help, thanks, último",Can you help me pull the latest transaction report for merchant Microsoft? Thanks in advance....
149,40,"gbp, international, exchange, advise, current, rate, settlements, usd, 301, 3005",What is the current exchange rate for USD to GBP for international settlements? Please advise....
150,53,"sgd, international, exchange, advance, current, rate, settlements, thanks, usd, 3014",What is the current exchange rate for USD to SGD for international settlements? Thanks in advance....
151,506,"lounge, year, limits, access, centurion, asap, 3018, 3017, 3006, 3007",What are the limits for Centurion lounge access this year? ASAP....
152,496,"explain, q3, new, benefits, platinum, express, american, help, 3010, 3007",Please explain the new American Express platinum benefits for Q3. Help....
153,46,"amazon, el, transacciones, comerciante, puedes, obtener, ayudarme, advance, último, informe",¿Puedes ayudarme a obtener el último informe de transacciones para el comerciante Amazon? Thanks in advance....
154,35,"walmart, el, último, informe, advise, ayudarme, obtener, transacciones, puedes, comerciante",¿Puedes ayudarme a obtener el último informe de transacciones para el comerciante Walmart? Please advise....
155,47,"microsoft, el, último, informe, ayudarme, obtener, transacciones, comerciante, puedes, thanks",¿Puedes ayudarme a obtener el último informe de transacciones para el comerciante Microsoft? Thanks....
156,49,"starbucks, el, informe, comerciante, puedes, obtener, ayudarme, transacciones, último, thanks",¿Puedes ayudarme a obtener el último informe de transacciones para el comerciante Starbucks? Thanks....
157,48,"marriott, el, último, comerciante, asap, puedes, informe, obtener, transacciones, ayudarme",¿Puedes ayudarme a obtener el último informe de transacciones para el comerciante Marriott? ASAP....
158,457,"explique, favor, nuevos, beneficios, trimestre, tercer, platinum, express, los, american","Por favor, explique los nuevos beneficios de American Express Platinum para el tercer trimestre. Thanks...."
159,471,"explique, favor, nuevos, beneficios, trimestre, tercer, express, platinum, los, american","Por favor, explique los nuevos beneficios de American Express Platinum para el tercer trimestre...."
160,42,"inr, internacionales, es, cuál, tipo, actual, liquidaciones, cambio, help, usd",¿Cuál es el tipo de cambio actual de USD a INR para liquidaciones internacionales? Help....
161,38,"cad, cambio, tipo, actual, internacionales, es, cuál, liquidaciones, help, usd",¿Cuál es el tipo de cambio actual de USD a CAD para liquidaciones internacionales? Help....
162,53,"cny, pls, es, liquidaciones, actual, tipo, internacionales, cuál, cambio, usd",¿Cuál es el tipo de cambio actual de USD a CNY para liquidaciones internacionales? Pls....
163,53,"aud, cuál, cambio, tipo, internacionales, actual, es, liquidaciones, thanks, usd",¿Cuál es el tipo de cambio actual de USD a AUD para liquidaciones internacionales? Thanks....
164,37,"aud, liquidaciones, cuál, cambio, es, actual, internacionales, tipo, usd, el",¿Cuál es el tipo de cambio actual de USD a AUD para liquidaciones internacionales?...
165,466,"reset, password, corporate, amex, advise, card, último, 3009, 301, 3010",How do I reset the password for my Amex corporate card? Please advise....
166,440,"contraseña, restablezco, corporativa, mi, la, amex, advance, cómo, tarjeta, thanks",¿Cómo restablezco la contraseña de mi tarjeta corporativa Amex? Thanks in advance....
167,35,"starbucks, merchant, latest, report, advance, pull, transaction, help, thanks, último",Can you help me pull the latest transaction report for merchant Starbucks? Thanks in advance....
168,56,"microsoft, merchant, latest, advise, pull, transaction, report, help, último, 3009",Can you help me pull the latest transaction report for merchant Microsoft? Please advise....
169,35,"eur, international, exchange, advise, current, settlements, rate, usd, 3010, 3006",What is the current exchange rate for USD to EUR for international settlements? Please advise....
170,48,"gbp, exchange, advance, current, international, settlements, rate, thanks, usd, 3014",What is the current exchange rate for USD to GBP for international settlements? Thanks in advance....
171,32,"sgd, exchange, current, settlements, rate, international, urgent, usd, 301, 3004",What is the current exchange rate for USD to SGD for international settlements? Urgent....
172,481,"lounge, year, limits, centurion, access, help, 3011, 3006, 3007, 3008",What are the limits for Centurion lounge access this year? Help....
173,482,"explain, q3, new, benefits, platinum, express, american, pls, 3011, 3008",Please explain the new American Express platinum benefits for Q3. Pls....
174,56,"google, el, último, informe, advance, ayudarme, obtener, transacciones, puedes, comerciante",¿Puedes ayudarme a obtener el último informe de transacciones para el comerciante Google? Thanks in advance....
175,35,"amazon, el, último, informe, advise, ayudarme, obtener, transacciones, puedes, comerciante",¿Puedes ayudarme a obtener el último informe de transacciones para el comerciante Amazon? Please advise....
176,50,"walmart, el, último, puedes, ayudarme, obtener, informe, transacciones, comerciante, thanks",¿Puedes ayudarme a obtener el último informe de transacciones para el comerciante Walmart? Thanks....
177,52,"microsoft, el, último, puedes, ayudarme, obtener, informe, transacciones, comerciante, urgent",¿Puedes ayudarme a obtener el último informe de transacciones para el comerciante Microsoft? Urgent....
178,39,"starbucks, el, transacciones, comerciante, puedes, obtener, ayudarme, asap, último, informe",¿Puedes ayudarme a obtener el último informe de transacciones para el comerciante Starbucks? ASAP....
179,45,"marriott, el, informe, ayudarme, obtener, último, transacciones, comerciante, puedes, help",¿Puedes ayudarme a obtener el último informe de transacciones para el comerciante Marriott? Help....
180,52,"inr, pls, internacionales, es, liquidaciones, actual, tipo, cuál, cambio, usd",¿Cuál es el tipo de cambio actual de USD a INR para liquidaciones internacionales? Pls....
181,39,"cad, pls, liquidaciones, es, actual, tipo, internacionales, cuál, cambio, usd",¿Cuál es el tipo de cambio actual de USD a CAD para liquidaciones internacionales? Pls....
182,46,"cny, cuál, liquidaciones, tipo, internacionales, actual, es, cambio, thanks, usd",¿Cuál es el tipo de cambio actual de USD a CNY para liquidaciones internacionales? Thanks....
183,48,"cny, es, cambio, cuál, actual, tipo, internacionales, liquidaciones, usd, el",¿Cuál es el tipo de cambio actual de USD a CNY para liquidaciones internacionales?...
184,419,"password, reset, corporate, amex, advance, card, thanks, último, 3011, 3008",How do I reset the password for my Amex corporate card? Thanks in advance....
185,483,"contraseña, restablezco, mi, corporativa, la, amex, urgent, cómo, tarjeta, 3009",¿Cómo restablezco la contraseña de mi tarjeta corporativa Amex? Urgent....
186,59,"marriott, merchant, latest, advance, pull, transaction, report, help, thanks, último",Can you help me pull the latest transaction report for merchant Marriott? Thanks in advance....
187,48,"starbucks, merchant, latest, advise, pull, report, transaction, help, 301, 3006",Can you help me pull the latest transaction report for merchant Starbucks? Please advise....
188,44,"microsoft, merchant, latest, pull, report, transaction, help, thanks, último, 3009",Can you help me pull the latest transaction report for merchant Microsoft? Thanks....
189,44,"mxn, international, exchange, advise, current, rate, settlements, usd, 301, 3006",What is the current exchange rate for USD to MXN for international settlements? Please advise....
190,48,"eur, international, exchange, advance, settlements, rate, current, thanks, usd, 301",What is the current exchange rate for USD to EUR for international settlements? Thanks in advance....
191,45,"gbp, exchange, current, international, rate, settlements, urgent, usd, 3014, 3017",What is the current exchange rate for USD to GBP for international settlements? Urgent....
192,36,"sgd, rate, exchange, asap, current, international, settlements, usd, 3015, 3014",What is the current exchange rate for USD to SGD for international settlements? ASAP....
193,476,"lounge, year, limits, access, centurion, pls, 2992, 3006, 3008, 3009",What are the limits for Centurion lounge access this year? Pls....
194,451,"explain, q3, new, benefits, platinum, express, american, último, 3010, 3007",Please explain the new American Express platinum benefits for Q3....
195,480,"benefits, explain, q3, new, platinum, express, american, thanks, 3007, 3008",Please explain the new American Express platinum benefits for Q3. Thanks....
196,49,"apple, el, puedes, advance, ayudarme, obtener, informe, último, comerciante, transacciones",¿Puedes ayudarme a obtener el último informe de transacciones para el comerciante Apple? Thanks in advance....
197,38,"google, el, transacciones, advise, ayudarme, comerciante, informe, obtener, puedes, último",¿Puedes ayudarme a obtener el último informe de transacciones para el comerciante Google? Please advise....
198,46,"amazon, el, transacciones, comerciante, puedes, obtener, ayudarme, último, informe, thanks",¿Puedes ayudarme a obtener el último informe de transacciones para el comerciante Amazon? Thanks....
199,45,"walmart, el, último, puedes, ayudarme, obtener, informe, transacciones, comerciante, urgent",¿Puedes ayudarme a obtener el último informe de transacciones para el comerciante Walmart? Urgent....
200,44,"microsoft, el, último, comerciante, asap, puedes, informe, obtener, ayudarme, transacciones",¿Puedes ayudarme a obtener el último informe de transacciones para el comerciante Microsoft? ASAP....
201,62,"starbucks, el, informe, comerciante, puedes, obtener, ayudarme, transacciones, último, help",¿Puedes ayudarme a obtener el último informe de transacciones para el comerciante Starbucks? Help....
202,46,"marriott, el, último, informe, ayudarme, transacciones, obtener, puedes, comerciante, para",¿Puedes ayudarme a obtener el último informe de transacciones para el comerciante Marriott?...
203,44,"marriott, el, pls, transacciones, comerciante, puedes, obtener, ayudarme, último, informe",¿Puedes ayudarme a obtener el último informe de transacciones para el comerciante Marriott? Pls....
204,51,"inr, internacionales, es, liquidaciones, actual, tipo, cuál, cambio, thanks, usd",¿Cuál es el tipo de cambio actual de USD a INR para liquidaciones internacionales? Thanks....
205,59,"inr, cuál, liquidaciones, cambio, es, internacionales, actual, tipo, usd, el",¿Cuál es el tipo de cambio actual de USD a INR para liquidaciones internacionales?...
206,50,"cad, cuál, es, tipo, internacionales, actual, liquidaciones, cambio, thanks, usd",¿Cuál es el tipo de cambio actual de USD a CAD para liquidaciones internacionales? Thanks....
207,46,"cad, liquidaciones, cuál, cambio, es, internacionales, actual, tipo, usd, el",¿Cuál es el tipo de cambio actual de USD a CAD para liquidaciones internacionales?...
208,442,"password, reset, corporate, amex, urgent, card, último, 3013, 3009, 301",How do I reset the password for my Amex corporate card? Urgent....
209,439,"contraseña, restablezco, corporativa, mi, la, amex, asap, tarjeta, cómo, 3009",¿Cómo restablezco la contraseña de mi tarjeta corporativa Amex? ASAP....
210,39,"walmart, merchant, latest, report, advance, transaction, pull, help, thanks, último",Can you help me pull the latest transaction report for merchant Walmart? Thanks in advance....
211,47,"marriott, merchant, latest, advise, pull, transaction, report, help, 3009, 3005",Can you help me pull the latest transaction report for merchant Marriott? Please advise....
212,52,"starbucks, merchant, latest, report, pull, transaction, urgent, help, 301, 3005",Can you help me pull the latest transaction report for merchant Starbucks? Urgent....
213,39,"microsoft, merchant, latest, report, pull, transaction, urgent, help, último, 301",Can you help me pull the latest transaction report for merchant Microsoft? Urgent....
214,46,"brl, international, exchange, advise, current, rate, settlements, usd, 3015, 3010",What is the current exchange rate for USD to BRL for international settlements? Please advise....
215,33,"mxn, rate, current, exchange, advance, settlements, international, thanks, usd, 3005",What is the current exchange rate for USD to MXN for international settlements? Thanks in advance....
216,48,"eur, exchange, current, settlements, international, rate, urgent, usd, último, 3010",What is the current exchange rate for USD to EUR for international settlements? Urgent....
217,32,"gbp, rate, exchange, asap, current, international, settlements, usd, 3015, 3014",What is the current exchange rate for USD to GBP for international settlements? ASAP....
218,45,"sgd, rate, exchange, current, international, settlements, help, usd, 3017, 3004",What is the current exchange rate for USD to SGD for international settlements? Help....
219,440,"lounge, year, limits, access, centurion, thanks, 3011, 3006, 3007, 3008",What are the limits for Centurion lounge access this year? Thanks....
220,463,"year, lounge, limits, access, centurion, 3011, 3006, 3007, 3008, 3009",What are the limits for Centurion lounge access this year?...
221,44,"delta, el, transacciones, comerciante, puedes, obtener, ayudarme, advance, último, informe",¿Puedes ayudarme a obtener el último informe de transacciones para el comerciante Delta? Thanks in advance....
222,50,"apple, el, último, informe, advise, ayudarme, obtener, transacciones, puedes, comerciante",¿Puedes ayudarme a obtener el último informe de transacciones para el comerciante Apple? Please advise....
223,39,"google, el, transacciones, ayudarme, comerciante, informe, obtener, puedes, último, thanks",¿Puedes ayudarme a obtener el último informe de transacciones para el comerciante Google? Thanks....
224,43,"amazon, el, informe, comerciante, puedes, obtener, ayudarme, transacciones, último, urgent",¿Puedes ayudarme a obtener el último informe de transacciones para el comerciante Amazon? Urgent....
225,34,"walmart, el, último, informe, asap, ayudarme, obtener, transacciones, puedes, comerciante",¿Puedes ayudarme a obtener el último informe de transacciones para el comerciante Walmart? ASAP....
226,48,"microsoft, el, último, informe, ayudarme, obtener, transacciones, puedes, comerciante, help",¿Puedes ayudarme a obtener el último informe de transacciones para el comerciante Microsoft? Help....
227,45,"starbucks, el, transacciones, comerciante, puedes, obtener, ayudarme, último, informe, para",¿Puedes ayudarme a obtener el último informe de transacciones para el comerciante Starbucks?...
228,45,"starbucks, el, pls, último, comerciante, ayudarme, transacciones, puedes, obtener, informe",¿Puedes ayudarme a obtener el último informe de transacciones para el comerciante Starbucks? Pls....
229,451,"charge, dispute, file, need, account, corporate, advise, 88, 74, 29",I need to file a dispute for a charge of $4731.74 on my corporate account. Please advise....
230,460,"disputa, cargo, una, cuenta, necesito, presentar, mi, corporativa, por, advise",Necesito presentar una disputa por un cargo de $2361.97 en mi cuenta corporativa. Please advise....
231,100,"advance, customer, refund, process, ends, card, thanks, 8263, 1262, 8446",How do I process a refund for a customer whose card ends in 7534? Thanks in advance....
232,481,"reset, password, corporate, amex, asap, card, último, 3008, 3009, 301",How do I reset the password for my Amex corporate card? ASAP....
233,466,"contraseña, restablezco, mi, corporativa, la, amex, cómo, tarjeta, help, 3009",¿Cómo restablezco la contraseña de mi tarjeta corporativa Amex? Help....
234,59,"amazon, merchant, latest, advance, pull, transaction, report, help, thanks, último",Can you help me pull the latest transaction report for merchant Amazon? Thanks in advance....
235,31,"walmart, merchant, latest, advise, pull, transaction, report, help, último, 301",Can you help me pull the latest transaction report for merchant Walmart? Please advise....
236,41,"marriott, merchant, latest, pull, report, transaction, help, thanks, 3009, 3005",Can you help me pull the latest transaction report for merchant Marriott? Thanks....
237,46,"starbucks, merchant, latest, pull, report, transaction, help, thanks, 3009, 3005",Can you help me pull the latest transaction report for merchant Starbucks? Thanks....
238,44,"microsoft, transaction, pull, merchant, latest, report, asap, help, 3013, 3014",Can you help me pull the latest transaction report for merchant Microsoft? ASAP....
239,46,"jpy, international, exchange, advise, current, rate, settlements, usd, 3006, 3007",What is the current exchange rate for USD to JPY for international settlements? Please advise....
240,51,"brl, international, exchange, advance, settlements, rate, current, thanks, usd, 3010",What is the current exchange rate for USD to BRL for international settlements? Thanks in advance....
241,58,"mxn, rate, exchange, current, international, settlements, urgent, usd, 3015, 3016",What is the current exchange rate for USD to MXN for international settlements? Urgent....
242,43,"eur, international, exchange, asap, current, rate, settlements, usd, 3015, 3017",What is the current exchange rate for USD to EUR for international settlements? ASAP....
243,38,"gbp, exchange, current, international, rate, settlements, help, usd, 3017, 3004",What is the current exchange rate for USD to GBP for international settlements? Help....
244,46,"sgd, pls, exchange, current, international, rate, settlements, usd, 301, 3005",What is the current exchange rate for USD to SGD for international settlements? Pls....
245,49,"target, el, último, puedes, transacciones, advance, obtener, informe, comerciante, ayudarme",¿Puedes ayudarme a obtener el último informe de transacciones para el comerciante Target? Thanks in advance....
246,55,"uber, el, ayudarme, transacciones, advance, obtener, informe, último, comerciante, puedes",¿Puedes ayudarme a obtener el último informe de transacciones para el comerciante Uber? Thanks in advance....
247,45,"delta, el, transacciones, comerciante, puedes, obtener, ayudarme, advise, último, informe",¿Puedes ayudarme a obtener el último informe de transacciones para el comerciante Delta? Please advise....
248,46,"apple, el, puedes, ayudarme, obtener, informe, último, transacciones, comerciante, thanks",¿Puedes ayudarme a obtener el último informe de transacciones para el comerciante Apple? Thanks....
249,33,"google, el, transacciones, ayudarme, comerciante, informe, obtener, puedes, último, urgent",¿Puedes ayudarme a obtener el último informe de transacciones para el comerciante Google? Urgent....
250,55,"amazon, el, último, informe, ayudarme, obtener, transacciones, puedes, comerciante, asap",¿Puedes ayudarme a obtener el último informe de transacciones para el comerciante Amazon? ASAP....
251,55,"walmart, el, último, puedes, ayudarme, obtener, informe, transacciones, comerciante, help",¿Puedes ayudarme a obtener el último informe de transacciones para el comerciante Walmart? Help....
252,39,"microsoft, el, último, informe, ayudarme, transacciones, obtener, puedes, comerciante, para",¿Puedes ayudarme a obtener el último informe de transacciones para el comerciante Microsoft?...
253,48,"microsoft, el, pls, transacciones, comerciante, puedes, obtener, ayudarme, último, informe",¿Puedes ayudarme a obtener el último informe de transacciones para el comerciante Microsoft? Pls....
254,423,"account, dispute, file, charge, need, corporate, advance, thanks, 45, 09",I need to file a dispute for a charge of $441.88 on my corporate account. Thanks in advance....
255,478,"cuenta, necesito, presentar, una, disputa, cargo, corporativa, por, mi, advance",Necesito presentar una disputa por un cargo de $4111.66 en mi cuenta corporativa. Thanks in advance....
256,33,"advance, customer, process, refund, ends, card, thanks, 7027, 8587, 6937",How do I process a refund for a customer whose card ends in 3827? Thanks in advance....
257,40,"advance, reembolso, cliente, cuya, termina, proceso, cómo, tarjeta, en, thanks",¿Cómo proceso un reembolso para un cliente cuya tarjeta termina en 8124? Thanks in advance....
258,29,"advance, termina, cuya, reembolso, cliente, proceso, tarjeta, cómo, en, thanks",¿Cómo proceso un reembolso para un cliente cuya tarjeta termina en 6942? Thanks in advance....
259,37,"advance, cliente, termina, cuya, reembolso, proceso, tarjeta, cómo, en, thanks",¿Cómo proceso un reembolso para un cliente cuya tarjeta termina en 2667? Thanks in advance....
260,453,"reset, password, corporate, amex, card, help, último, 3008, 3009, 301",How do I reset the password for my Amex corporate card? Help....
261,495,"contraseña, restablezco, mi, corporativa, la, amex, pls, tarjeta, cómo, 3009",¿Cómo restablezco la contraseña de mi tarjeta corporativa Amex? Pls....
262,53,"delta, merchant, latest, advance, pull, transaction, report, help, thanks, 3009",Can you help me pull the latest transaction report for merchant Delta? Thanks in advance....
263,39,"amazon, merchant, latest, advise, pull, transaction, report, help, último, 301",Can you help me pull the latest transaction report for merchant Amazon? Please advise....
264,40,"walmart, merchant, latest, report, pull, transaction, help, thanks, último, 3009",Can you help me pull the latest transaction report for merchant Walmart? Thanks....
265,56,"marriott, merchant, latest, report, pull, transaction, urgent, help, 301, 3005",Can you help me pull the latest transaction report for merchant Marriott? Urgent....
266,60,"starbucks, asap, merchant, latest, pull, report, transaction, help, 301, 3006",Can you help me pull the latest transaction report for merchant Starbucks? ASAP....
267,42,"microsoft, pls, merchant, latest, pull, report, transaction, help, 301, 3006",Can you help me pull the latest transaction report for merchant Microsoft? Pls....
268,34,"cny, exchange, advise, current, rate, international, settlements, usd, 3010, 3006",What is the current exchange rate for USD to CNY for international settlements? Please advise....
269,59,"jpy, international, exchange, advance, current, rate, settlements, thanks, usd, 3014",What is the current exchange rate for USD to JPY for international settlements? Thanks in advance....
270,39,"brl, rate, exchange, current, international, settlements, urgent, usd, 3016, 3010",What is the current exchange rate for USD to BRL for international settlements? Urgent....
271,49,"mxn, rate, exchange, asap, current, international, settlements, usd, 3015, 3014",What is the current exchange rate for USD to MXN for international settlements? ASAP....
272,43,"eur, international, exchange, current, rate, settlements, help, usd, 3015, 301",What is the current exchange rate for USD to EUR for international settlements? Help....
273,48,"gbp, pls, exchange, current, international, rate, settlements, usd, 3015, 3017",What is the current exchange rate for USD to GBP for international settlements? Pls....
274,48,"sgd, exchange, current, international, settlements, rate, thanks, usd, 3016, 3018",What is the current exchange rate for USD to SGD for international settlements? Thanks....
275,41,"sgd, rate, exchange, current, international, settlements, usd, 3015, 3018, 3005",What is the current exchange rate for USD to SGD for international settlements?...
276,34,"target, el, último, informe, advise, ayudarme, obtener, transacciones, puedes, comerciante",¿Puedes ayudarme a obtener el último informe de transacciones para el comerciante Target? Please advise....
277,32,"uber, el, último, advise, ayudarme, obtener, informe, transacciones, puedes, comerciante",¿Puedes ayudarme a obtener el último informe de transacciones para el comerciante Uber? Please advise....
278,44,"delta, el, último, informe, ayudarme, obtener, transacciones, comerciante, puedes, thanks",¿Puedes ayudarme a obtener el último informe de transacciones para el comerciante Delta? Thanks....
279,52,"apple, el, puedes, ayudarme, obtener, informe, último, transacciones, comerciante, urgent",¿Puedes ayudarme a obtener el último informe de transacciones para el comerciante Apple? Urgent....
280,48,"google, el, transacciones, asap, ayudarme, comerciante, informe, obtener, puedes, último",¿Puedes ayudarme a obtener el último informe de transacciones para el comerciante Google? ASAP....
281,47,"amazon, el, último, informe, ayudarme, obtener, transacciones, puedes, comerciante, help",¿Puedes ayudarme a obtener el último informe de transacciones para el comerciante Amazon? Help....
282,34,"walmart, el, último, informe, ayudarme, obtener, transacciones, comerciante, puedes, para",¿Puedes ayudarme a obtener el último informe de transacciones para el comerciante Walmart?...
283,41,"walmart, el, pls, informe, comerciante, puedes, obtener, ayudarme, transacciones, último",¿Puedes ayudarme a obtener el último informe de transacciones para el comerciante Walmart? Pls....
284,32,"advance, process, customer, ends, refund, card, thanks, 5952, 9692, 7812",How do I process a refund for a customer whose card ends in 3742? Thanks in advance....
285,107,"urgent, refund, ends, process, customer, card, 8044, 8605, 8436, 8591",How do I process a refund for a customer whose card ends in 5385? Urgent....
286,37,"advance, reembolso, cuya, termina, proceso, cliente, cómo, tarjeta, en, thanks",¿Cómo proceso un reembolso para un cliente cuya tarjeta termina en 9791? Thanks in advance....
287,437,"proceso, termina, reembolso, cliente, cuya, tarjeta, cómo, en, thanks, para",¿Cómo proceso un reembolso para un cliente cuya tarjeta termina en 4635? Thanks....
288,92,"asap, termina, cuya, cliente, reembolso, proceso, cómo, tarjeta, en, para",¿Cómo proceso un reembolso para un cliente cuya tarjeta termina en 5761? ASAP....
289,40,"advise, termina, cuya, reembolso, cliente, proceso, tarjeta, cómo, en, para",¿Cómo proceso un reembolso para un cliente cuya tarjeta termina en 2932? Please advise....
290,37,"advise, cuya, proceso, termina, cliente, reembolso, cómo, tarjeta, en, para",¿Cómo proceso un reembolso para un cliente cuya tarjeta termina en 2407? Please advise....
291,449,"reset, password, corporate, amex, card, thanks, último, 3009, 301, 3010",How do I reset the password for my Amex corporate card? Thanks....
292,426,"contraseña, restablezco, mi, corporativa, la, amex, cómo, tarjeta, thanks, 3009",¿Cómo restablezco la contraseña de mi tarjeta corporativa Amex? Thanks....
293,473,"contraseña, restablezco, corporativa, mi, la, amex, tarjeta, cómo, 3009, 3006",¿Cómo restablezco la contraseña de mi tarjeta corporativa Amex?...
294,38,"delta, merchant, latest, advise, pull, transaction, report, help, 3009, 3005",Can you help me pull the latest transaction report for merchant Delta? Please advise....
295,43,"amazon, merchant, latest, pull, transaction, report, help, thanks, último, 301",Can you help me pull the latest transaction report for merchant Amazon? Thanks....
296,47,"walmart, pull, merchant, latest, report, transaction, urgent, help, 301, 3005",Can you help me pull the latest transaction report for merchant Walmart? Urgent....
297,46,"marriott, transaction, pull, merchant, latest, report, asap, help, 3013, 3014",Can you help me pull the latest transaction report for merchant Marriott? ASAP....
298,49,"starbucks, pls, merchant, latest, report, transaction, pull, help, 2986, 3010",Can you help me pull the latest transaction report for merchant Starbucks? Pls....
299,54,"microsoft, transaction, pull, latest, report, merchant, help, 3014, 3015, 3005",Can you help me pull the latest transaction report for merchant Microsoft?...
300,38,"help, microsoft, transaction, pull, latest, report, merchant, 3013, 3014, 3012",Can you help me pull the latest transaction report for merchant Microsoft? Help....
301,36,"aud, international, exchange, advise, current, rate, settlements, usd, 3015, 301",What is the current exchange rate for USD to AUD for international settlements? Please advise....
302,49,"cny, exchange, advance, current, settlements, rate, international, thanks, usd, 3015",What is the current exchange rate for USD to CNY for international settlements? Thanks in advance....
303,54,"jpy, rate, international, exchange, current, settlements, urgent, usd, 3005, 3006",What is the current exchange rate for USD to JPY for international settlements? Urgent....
304,49,"brl, rate, exchange, asap, current, international, settlements, usd, 3015, 3014",What is the current exchange rate for USD to BRL for international settlements? ASAP....
305,52,"mxn, rate, exchange, current, international, settlements, help, usd, 3016, 3005",What is the current exchange rate for USD to MXN for international settlements? Help....
306,51,"eur, pls, international, exchange, current, rate, settlements, usd, 3016, 301",What is the current exchange rate for USD to EUR for international settlements? Pls....
307,45,"gbp, exchange, current, international, rate, settlements, thanks, usd, 3014, 3009",What is the current exchange rate for USD to GBP for international settlements? Thanks....
308,68,"gbp, international, settlements, exchange, rate, current, usd, 3010, 3006, 3007",What is the current exchange rate for USD to GBP for international settlements?...
309,47,"target, el, último, informe, ayudarme, obtener, transacciones, comerciante, puedes, thanks",¿Puedes ayudarme a obtener el último informe de transacciones para el comerciante Target? Thanks....
310,38,"uber, el, último, ayudarme, obtener, informe, transacciones, puedes, comerciante, thanks",¿Puedes ayudarme a obtener el último informe de transacciones para el comerciante Uber? Thanks....
311,49,"delta, el, último, informe, ayudarme, obtener, transacciones, comerciante, puedes, urgent",¿Puedes ayudarme a obtener el último informe de transacciones para el comerciante Delta? Urgent....
312,43,"apple, el, informe, asap, ayudarme, obtener, último, puedes, comerciante, transacciones",¿Puedes ayudarme a obtener el último informe de transacciones para el comerciante Apple? ASAP....
313,46,"google, el, transacciones, ayudarme, comerciante, informe, obtener, puedes, último, help",¿Puedes ayudarme a obtener el último informe de transacciones para el comerciante Google? Help....
314,51,"amazon, el, último, informe, ayudarme, obtener, transacciones, puedes, comerciante, para",¿Puedes ayudarme a obtener el último informe de transacciones para el comerciante Amazon?...
315,50,"amazon, el, pls, transacciones, comerciante, puedes, obtener, ayudarme, último, informe",¿Puedes ayudarme a obtener el último informe de transacciones para el comerciante Amazon? Pls....
316,48,"urgent, process, ends, customer, refund, card, 8797, 8357, 8767, 7207",How do I process a refund for a customer whose card ends in 8767? Urgent....
317,43,"advance, cuya, termina, reembolso, proceso, cliente, cómo, tarjeta, en, thanks",¿Cómo proceso un reembolso para un cliente cuya tarjeta termina en 3770? Thanks in advance....
318,39,"asap, proceso, cuya, cliente, termina, reembolso, cómo, tarjeta, en, para",¿Cómo proceso un reembolso para un cliente cuya tarjeta termina en 4407? ASAP....
319,511,"reset, password, corporate, amex, card, último, 3009, 301, 3010, 3011",How do I reset the password for my Amex corporate card?...
320,455,"reset, password, corporate, amex, pls, card, 3009, 301, 3010, 3011",How do I reset the password for my Amex corporate card? Pls....
321,58,"target, merchant, latest, report, advance, pull, transaction, help, thanks, último",Can you help me pull the latest transaction report for merchant Target? Thanks in advance....
322,41,"uber, merchant, latest, report, advance, transaction, pull, help, thanks, último",Can you help me pull the latest transaction report for merchant Uber? Thanks in advance....
323,49,"apple, merchant, latest, advance, pull, transaction, report, help, thanks, último",Can you help me pull the latest transaction report for merchant Apple? Thanks in advance....
324,47,"google, merchant, latest, advance, pull, transaction, report, help, thanks, 3009",Can you help me pull the latest transaction report for merchant Google? Thanks in advance....
325,43,"delta, merchant, latest, pull, transaction, report, help, thanks, 3009, 3005",Can you help me pull the latest transaction report for merchant Delta? Thanks....
326,58,"amazon, merchant, latest, pull, transaction, report, urgent, help, último, 301",Can you help me pull the latest transaction report for merchant Amazon? Urgent....
327,52,"walmart, asap, merchant, latest, report, pull, transaction, help, 3010, 3006",Can you help me pull the latest transaction report for merchant Walmart? ASAP....
328,49,"marriott, pls, merchant, latest, pull, transaction, report, help, 3018, 3009",Can you help me pull the latest transaction report for merchant Marriott? Pls....
329,45,"starbucks, pull, merchant, latest, report, transaction, help, 3014, 3015, 3017",Can you help me pull the latest transaction report for merchant Starbucks?...
330,38,"help, starbucks, pull, merchant, latest, report, transaction, 3013, 3014, 3012",Can you help me pull the latest transaction report for merchant Starbucks? Help....
331,52,"inr, international, exchange, advise, current, settlements, rate, usd, 3010, 3006",What is the current exchange rate for USD to INR for international settlements? Please advise....
332,56,"cad, international, exchange, advise, current, rate, settlements, usd, 3015, 3010",What is the current exchange rate for USD to CAD for international settlements? Please advise....
333,43,"aud, international, current, exchange, advance, settlements, rate, thanks, usd, 3006",What is the current exchange rate for USD to AUD for international settlements? Thanks in advance....
334,49,"cny, rate, exchange, current, international, settlements, urgent, usd, 3017, 3010",What is the current exchange rate for USD to CNY for international settlements? Urgent....
335,48,"jpy, international, exchange, asap, current, rate, settlements, usd, 3015, 3017",What is the current exchange rate for USD to JPY for international settlements? ASAP....
336,47,"brl, international, exchange, current, rate, settlements, help, usd, 3016, 3010",What is the current exchange rate for USD to BRL for international settlements? Help....
337,40,"mxn, pls, settlements, exchange, current, rate, international, usd, 3010, 3006",What is the current exchange rate for USD to MXN for international settlements? Pls....
338,44,"eur, international, exchange, current, settlements, rate, thanks, usd, 3010, 3006",What is the current exchange rate for USD to EUR for international settlements? Thanks....
339,52,"eur, international, exchange, current, rate, settlements, usd, 3015, 3010, 3006",What is the current exchange rate for USD to EUR for international settlements?...
340,54,"target, el, último, puedes, ayudarme, obtener, informe, transacciones, comerciante, urgent",¿Puedes ayudarme a obtener el último informe de transacciones para el comerciante Target? Urgent....
341,46,"uber, el, último, ayudarme, obtener, informe, puedes, transacciones, comerciante, urgent",¿Puedes ayudarme a obtener el último informe de transacciones para el comerciante Uber? Urgent....
342,60,"delta, el, último, informe, asap, ayudarme, obtener, transacciones, puedes, comerciante",¿Puedes ayudarme a obtener el último informe de transacciones para el comerciante Delta? ASAP....
343,39,"apple, el, puedes, ayudarme, obtener, informe, último, transacciones, comerciante, help",¿Puedes ayudarme a obtener el último informe de transacciones para el comerciante Apple? Help....
344,44,"google, el, transacciones, ayudarme, comerciante, informe, obtener, puedes, último, para",¿Puedes ayudarme a obtener el último informe de transacciones para el comerciante Google?...
345,43,"google, el, pls, transacciones, ayudarme, comerciante, informe, obtener, puedes, último",¿Puedes ayudarme a obtener el último informe de transacciones para el comerciante Google? Pls....
346,451,"presentar, disputa, cargo, cuenta, necesito, una, por, mi, corporativa, urgent",Necesito presentar una disputa por un cargo de $2409.71 en mi cuenta corporativa. Urgent....
347,32,"advance, ends, customer, refund, process, card, thanks, 6366, 9506, 9596",How do I process a refund for a customer whose card ends in 9506? Thanks in advance....
348,86,"customer, ends, process, refund, card, thanks, 1287, 8611, 2767, 7763",How do I process a refund for a customer whose card ends in 5188? Thanks....
349,31,"urgent, customer, ends, refund, process, card, 9654, 8424, 9664, 9474",How do I process a refund for a customer whose card ends in 4764? Urgent....
350,34,"advise, ends, customer, process, refund, card, 2577, 2897, 9367, 6667",How do I process a refund for a customer whose card ends in 3687? Please advise....
351,95,"reembolso, cliente, termina, proceso, cuya, tarjeta, cómo, en, help, para",¿Cómo proceso un reembolso para un cliente cuya tarjeta termina en 2507? Help....
352,32,"asap, reembolso, termina, cuya, proceso, cliente, tarjeta, cómo, en, para",¿Cómo proceso un reembolso para un cliente cuya tarjeta termina en 4132? ASAP....
353,38,"advise, cuya, reembolso, proceso, termina, cliente, tarjeta, cómo, en, para",¿Cómo proceso un reembolso para un cliente cuya tarjeta termina en 3344? Please advise....
354,45,"target, merchant, latest, advise, pull, transaction, report, help, último, 301",Can you help me pull the latest transaction report for merchant Target? Please advise....
355,45,"uber, merchant, latest, advise, pull, transaction, report, help, último, 301",Can you help me pull the latest transaction report for merchant Uber? Please advise....
356,44,"apple, merchant, latest, advise, pull, transaction, report, help, 301, 3005",Can you help me pull the latest transaction report for merchant Apple? Please advise....
357,50,"google, merchant, latest, advise, pull, transaction, report, help, 3009, 3005",Can you help me pull the latest transaction report for merchant Google? Please advise....
358,40,"delta, merchant, latest, pull, transaction, report, urgent, help, 301, 3005",Can you help me pull the latest transaction report for merchant Delta? Urgent....
359,36,"amazon, merchant, latest, pull, report, transaction, asap, help, último, 301",Can you help me pull the latest transaction report for merchant Amazon? ASAP....
360,36,"walmart, pls, merchant, latest, report, pull, transaction, help, 3010, 3006",Can you help me pull the latest transaction report for merchant Walmart? Pls....
361,55,"marriott, transaction, pull, latest, report, merchant, help, 3014, 3016, 3004",Can you help me pull the latest transaction report for merchant Marriott?...
362,44,"help, marriott, transaction, pull, latest, report, merchant, 3013, 3014, 3012",Can you help me pull the latest transaction report for merchant Marriott? Help....
363,50,"inr, international, exchange, advance, current, rate, settlements, thanks, usd, 3014",What is the current exchange rate for USD to INR for international settlements? Thanks in advance....
364,41,"cad, international, exchange, advance, settlements, rate, current, thanks, usd, 3010",What is the current exchange rate for USD to CAD for international settlements? Thanks in advance....
365,41,"aud, rate, exchange, current, international, settlements, urgent, usd, 3016, 3017",What is the current exchange rate for USD to AUD for international settlements? Urgent....
366,46,"cny, exchange, asap, current, international, rate, settlements, usd, 3018, 3019",What is the current exchange rate for USD to CNY for international settlements? ASAP....
367,37,"jpy, rate, exchange, current, settlements, international, help, usd, 3005, 3006",What is the current exchange rate for USD to JPY for international settlements? Help....
368,39,"brl, pls, international, exchange, current, rate, settlements, usd, 3016, 3010",What is the current exchange rate for USD to BRL for international settlements? Pls....
369,57,"mxn, settlements, exchange, rate, current, international, thanks, usd, 301, 3005",What is the current exchange rate for USD to MXN for international settlements? Thanks....
370,46,"mxn, current, settlements, exchange, rate, international, usd, último, 3006, 3007",What is the current exchange rate for USD to MXN for international settlements?...
371,47,"target, el, último, informe, asap, ayudarme, obtener, transacciones, puedes, comerciante",¿Puedes ayudarme a obtener el último informe de transacciones para el comerciante Target? ASAP....
372,45,"uber, el, último, asap, ayudarme, obtener, informe, transacciones, puedes, comerciante",¿Puedes ayudarme a obtener el último informe de transacciones para el comerciante Uber? ASAP....
373,53,"delta, el, último, informe, ayudarme, obtener, transacciones, puedes, comerciante, help",¿Puedes ayudarme a obtener el último informe de transacciones para el comerciante Delta? Help....
374,57,"apple, el, último, informe, ayudarme, transacciones, obtener, puedes, comerciante, para",¿Puedes ayudarme a obtener el último informe de transacciones para el comerciante Apple?...
375,56,"apple, el, pls, transacciones, comerciante, puedes, obtener, ayudarme, último, informe",¿Puedes ayudarme a obtener el último informe de transacciones para el comerciante Apple? Pls....
376,488,"need, file, account, dispute, charge, corporate, urgent, 57, 41, 20",I need to file a dispute for a charge of $4634.98 on my corporate account. Urgent....
377,38,"advance, process, refund, ends, customer, card, thanks, 4414, 9754, 6494",How do I process a refund for a customer whose card ends in 3304? Thanks in advance....
378,30,"ends, refund, process, customer, card, thanks, 2937, 3047, 8197, 3127",How do I process a refund for a customer whose card ends in 6537? Thanks....
379,103,"process, ends, refund, customer, card, help, 8438, 8461, 8554, 8355",How do I process a refund for a customer whose card ends in 7334? Help....
380,41,"asap, ends, process, refund, customer, card, 8557, 6337, 6167, 7987",How do I process a refund for a customer whose card ends in 7987? ASAP....
381,61,"asap, customer, process, ends, refund, card, 7764, 8506, 8574, 7831",How do I process a refund for a customer whose card ends in 6134? ASAP....
382,17,"asap, process, refund, customer, ends, card, 8512, 8132, 8342, 8602",How do I process a refund for a customer whose card ends in 6462? ASAP....
383,35,"urgent, refund, ends, process, customer, card, 3332, 9122, 6662, 5732",How do I process a refund for a customer whose card ends in 3002? Urgent....
384,40,"advance, termina, cuya, proceso, reembolso, cliente, cómo, tarjeta, en, thanks",¿Cómo proceso un reembolso para un cliente cuya tarjeta termina en 3166? Thanks in advance....
385,88,"pls, reembolso, cliente, termina, proceso, cuya, tarjeta, cómo, en, para",¿Cómo proceso un reembolso para un cliente cuya tarjeta termina en 6792? Pls....
386,36,"asap, termina, cuya, proceso, reembolso, cliente, cómo, tarjeta, en, para",¿Cómo proceso un reembolso para un cliente cuya tarjeta termina en 9111? ASAP....
387,28,"urgent, cliente, termina, proceso, cuya, reembolso, cómo, tarjeta, en, para",¿Cómo proceso un reembolso para un cliente cuya tarjeta termina en 1832? Urgent....
388,29,"urgent, cuya, termina, reembolso, proceso, cliente, cómo, tarjeta, en, para",¿Cómo proceso un reembolso para un cliente cuya tarjeta termina en 9927? Urgent....
389,46,"target, merchant, latest, pull, transaction, report, help, thanks, último, 3009",Can you help me pull the latest transaction report for merchant Target? Thanks....
390,37,"uber, pull, merchant, latest, report, transaction, urgent, help, 301, 3005",Can you help me pull the latest transaction report for merchant Uber? Urgent....
391,48,"apple, merchant, latest, pull, report, transaction, help, thanks, último, 301",Can you help me pull the latest transaction report for merchant Apple? Thanks....
392,44,"google, merchant, latest, pull, transaction, report, urgent, help, 301, 3005",Can you help me pull the latest transaction report for merchant Google? Urgent....
393,42,"delta, pull, merchant, latest, report, transaction, asap, help, 3015, 3017",Can you help me pull the latest transaction report for merchant Delta? ASAP....
394,46,"amazon, pls, pull, latest, report, transaction, merchant, help, 3015, 3017",Can you help me pull the latest transaction report for merchant Amazon? Pls....
395,59,"walmart, merchant, latest, pull, transaction, report, help, último, 301, 3005",Can you help me pull the latest transaction report for merchant Walmart?...
396,52,"help, walmart, merchant, latest, pull, transaction, report, último, 301, 3005",Can you help me pull the latest transaction report for merchant Walmart? Help....
397,54,"inr, exchange, current, settlements, rate, international, urgent, usd, último, 301",What is the current exchange rate for USD to INR for international settlements? Urgent....
398,42,"cad, rate, exchange, current, international, settlements, urgent, usd, 3016, 3010",What is the current exchange rate for USD to CAD for international settlements? Urgent....
399,38,"aud, rate, exchange, asap, current, international, settlements, usd, 3015, 3014",What is the current exchange rate for USD to AUD for international settlements? ASAP....
400,51,"cny, exchange, current, international, rate, settlements, help, usd, 3015, 3014",What is the current exchange rate for USD to CNY for international settlements? Help....
401,42,"jpy, pls, exchange, current, rate, settlements, international, usd, último, 3006",What is the current exchange rate for USD to JPY for international settlements? Pls....
402,47,"brl, international, exchange, current, rate, settlements, thanks, usd, 3016, 3018",What is the current exchange rate for USD to BRL for international settlements? Thanks....
403,53,"brl, international, settlements, exchange, rate, current, usd, 3011, 3007, 3008",What is the current exchange rate for USD to BRL for international settlements?...
404,52,"target, el, pls, transacciones, comerciante, puedes, obtener, ayudarme, último, informe",¿Puedes ayudarme a obtener el último informe de transacciones para el comerciante Target? Pls....
405,50,"uber, el, último, ayudarme, obtener, informe, puedes, transacciones, comerciante, help",¿Puedes ayudarme a obtener el último informe de transacciones para el comerciante Uber? Help....
406,49,"delta, el, transacciones, comerciante, puedes, obtener, ayudarme, último, informe, para",¿Puedes ayudarme a obtener el último informe de transacciones para el comerciante Delta?...
407,42,"delta, el, pls, último, informe, ayudarme, obtener, transacciones, puedes, comerciante",¿Puedes ayudarme a obtener el último informe de transacciones para el comerciante Delta? Pls....
408,33,"12, charge, need, file, dispute, account, corporate, thanks, help, pls",I need to file a dispute for a charge of $3833.12 on my corporate account. Pls....
409,35,"12, presentar, disputa, cargo, necesito, una, cuenta, por, corporativa, mi",Necesito presentar una disputa por un cargo de $1321.12 en mi cuenta corporativa....
410,35,"advance, process, ends, refund, customer, card, thanks, 6668, 7508, 1138",How do I process a refund for a customer whose card ends in 6668? Thanks in advance....
411,93,"refund, ends, process, customer, card, 8490, 7803, 8222, 1877, 2387",How do I process a refund for a customer whose card ends in 6048?...
412,40,"asap, process, ends, refund, customer, card, 9572, 3072, 5712, 9532",How do I process a refund for a customer whose card ends in 2162? ASAP....
413,35,"advise, process, refund, ends, customer, card, 9682, 7152, 9212, 3992",How do I process a refund for a customer whose card ends in 6622? Please advise....
414,42,"advance, reembolso, proceso, termina, cliente, cuya, tarjeta, cómo, en, thanks",¿Cómo proceso un reembolso para un cliente cuya tarjeta termina en 2078? Thanks in advance....
415,15,"advance, cliente, proceso, reembolso, cuya, termina, cómo, tarjeta, en, thanks",¿Cómo proceso un reembolso para un cliente cuya tarjeta termina en 7526? Thanks in advance....
416,35,"termina, cliente, cuya, reembolso, proceso, cómo, tarjeta, en, para, 5437",¿Cómo proceso un reembolso para un cliente cuya tarjeta termina en 5117?...
417,78,"cliente, reembolso, proceso, cuya, termina, cómo, tarjeta, en, para, 8400",¿Cómo proceso un reembolso para un cliente cuya tarjeta termina en 6822?...
418,17,"cliente, proceso, reembolso, cuya, termina, cómo, tarjeta, en, para, 8347",¿Cómo proceso un reembolso para un cliente cuya tarjeta termina en 7517?...
419,42,"pls, reembolso, cliente, proceso, termina, cuya, cómo, tarjeta, en, para",¿Cómo proceso un reembolso para un cliente cuya tarjeta termina en 7727? Pls....
420,18,"urgent, cuya, proceso, termina, cliente, reembolso, tarjeta, cómo, en, para",¿Cómo proceso un reembolso para un cliente cuya tarjeta termina en 3444? Urgent....
421,17,"urgent, cuya, termina, cliente, proceso, reembolso, cómo, tarjeta, en, para",¿Cómo proceso un reembolso para un cliente cuya tarjeta termina en 9584? Urgent....
422,24,"advise, cliente, reembolso, termina, proceso, cuya, cómo, tarjeta, en, para",¿Cómo proceso un reembolso para un cliente cuya tarjeta termina en 5438? Please advise....
423,33,"advise, reembolso, termina, cliente, proceso, cuya, cómo, tarjeta, en, para",¿Cómo proceso un reembolso para un cliente cuya tarjeta termina en 8601? Please advise....
424,32,"advise, proceso, termina, cuya, cliente, reembolso, tarjeta, cómo, en, para",¿Cómo proceso un reembolso para un cliente cuya tarjeta termina en 8920? Please advise....
425,46,"target, merchant, latest, pull, transaction, report, urgent, help, último, 3009",Can you help me pull the latest transaction report for merchant Target? Urgent....
426,44,"uber, merchant, latest, report, pull, transaction, help, thanks, último, 3009",Can you help me pull the latest transaction report for merchant Uber? Thanks....
427,49,"apple, merchant, latest, report, pull, transaction, urgent, help, último, 301",Can you help me pull the latest transaction report for merchant Apple? Urgent....
428,44,"google, merchant, latest, pull, transaction, report, help, thanks, 3009, 3005",Can you help me pull the latest transaction report for merchant Google? Thanks....
429,43,"delta, pls, latest, pull, transaction, merchant, report, help, último, 301",Can you help me pull the latest transaction report for merchant Delta? Pls....
430,46,"amazon, merchant, pull, latest, transaction, report, help, 301, 3005, 3006",Can you help me pull the latest transaction report for merchant Amazon?...
431,55,"help, amazon, merchant, pull, latest, transaction, report, 301, 3005, 3006",Can you help me pull the latest transaction report for merchant Amazon? Help....
432,43,"inr, international, exchange, asap, current, rate, settlements, usd, 3015, 3017",What is the current exchange rate for USD to INR for international settlements? ASAP....
433,61,"cad, rate, exchange, asap, current, international, settlements, usd, 3015, 3014",What is the current exchange rate for USD to CAD for international settlements? ASAP....
434,53,"aud, international, exchange, current, rate, settlements, help, usd, 3016, 3017",What is the current exchange rate for USD to AUD for international settlements? Help....
435,46,"cny, pls, settlements, exchange, rate, current, international, usd, 3011, 3007",What is the current exchange rate for USD to CNY for international settlements? Pls....
436,53,"jpy, exchange, current, rate, settlements, international, thanks, usd, último, 3005",What is the current exchange rate for USD to JPY for international settlements? Thanks....
437,48,"jpy, settlements, exchange, rate, current, international, usd, 3005, 3006, 3007",What is the current exchange rate for USD to JPY for international settlements?...
438,41,"target, el, último, informe, ayudarme, obtener, transacciones, puedes, comerciante, para",¿Puedes ayudarme a obtener el último informe de transacciones para el comerciante Target?...
439,48,"target, el, último, puedes, ayudarme, obtener, informe, transacciones, comerciante, help",¿Puedes ayudarme a obtener el último informe de transacciones para el comerciante Target? Help....
440,46,"uber, el, último, ayudarme, obtener, informe, transacciones, comerciante, puedes, para",¿Puedes ayudarme a obtener el último informe de transacciones para el comerciante Uber?...
441,50,"uber, el, pls, informe, comerciante, puedes, obtener, ayudarme, transacciones, último",¿Puedes ayudarme a obtener el último informe de transacciones para el comerciante Uber? Pls....
442,30,"advance, process, ends, customer, refund, card, thanks, 7320, 4090, 3290",How do I process a refund for a customer whose card ends in 1320? Thanks in advance....
443,27,"advance, refund, process, customer, ends, card, thanks, 2761, 7271, 5991",How do I process a refund for a customer whose card ends in 7271? Thanks in advance....
444,16,"advance, process, customer, refund, ends, card, thanks, 1021, 9661, 9381",How do I process a refund for a customer whose card ends in 5191? Thanks in advance....
445,41,"refund, ends, customer, process, card, thanks, 7922, 9622, 1232, 8762",How do I process a refund for a customer whose card ends in 3222? Thanks....
446,28,"customer, refund, ends, process, card, 7487, 7877, 5297, 8007, 6337",How do I process a refund for a customer whose card ends in 1357?...
447,30,"pls, ends, refund, customer, process, card, 8667, 9547, 1017, 9457",How do I process a refund for a customer whose card ends in 8737? Pls....
448,48,"process, ends, customer, refund, card, help, 8067, 9457, 1597, 4207",How do I process a refund for a customer whose card ends in 2167? Help....
449,33,"asap, ends, refund, process, customer, card, 9854, 1484, 1024, 5144",How do I process a refund for a customer whose card ends in 8794? ASAP....
450,32,"urgent, ends, customer, process, refund, card, 7408, 9638, 9558, 5928",How do I process a refund for a customer whose card ends in 7718? Urgent....
451,25,"advise, ends, customer, refund, process, card, 9694, 1904, 1024, 3974",How do I process a refund for a customer whose card ends in 8064? Please advise....
452,29,"advance, cliente, termina, proceso, cuya, reembolso, tarjeta, cómo, en, thanks",¿Cómo proceso un reembolso para un cliente cuya tarjeta termina en 9923? Thanks in advance....
453,15,"advance, cliente, proceso, reembolso, cuya, termina, cómo, tarjeta, en, thanks",¿Cómo proceso un reembolso para un cliente cuya tarjeta termina en 3863? Thanks in advance....
454,16,"advance, cliente, proceso, reembolso, cuya, termina, cómo, tarjeta, en, thanks",¿Cómo proceso un reembolso para un cliente cuya tarjeta termina en 5005? Thanks in advance....
455,38,"cuya, cliente, reembolso, proceso, termina, cómo, tarjeta, en, para, 9802",¿Cómo proceso un reembolso para un cliente cuya tarjeta termina en 3302?...
456,36,"pls, reembolso, cuya, proceso, cliente, termina, cómo, tarjeta, en, para",¿Cómo proceso un reembolso para un cliente cuya tarjeta termina en 2672? Pls....
457,32,"reembolso, termina, cuya, proceso, cliente, tarjeta, cómo, en, help, para",¿Cómo proceso un reembolso para un cliente cuya tarjeta termina en 5507? Help....
458,17,"cuya, cliente, proceso, reembolso, termina, cómo, tarjeta, en, help, para",¿Cómo proceso un reembolso para un cliente cuya tarjeta termina en 5667? Help....
459,39,"asap, reembolso, proceso, cuya, termina, cliente, cómo, tarjeta, en, para",¿Cómo proceso un reembolso para un cliente cuya tarjeta termina en 9280? ASAP....
460,25,"asap, proceso, termina, reembolso, cuya, cliente, cómo, tarjeta, en, para",¿Cómo proceso un reembolso para un cliente cuya tarjeta termina en 4084? ASAP....
461,17,"asap, reembolso, termina, cliente, proceso, cuya, tarjeta, cómo, en, para",¿Cómo proceso un reembolso para un cliente cuya tarjeta termina en 8624? ASAP....
462,31,"advise, proceso, cliente, reembolso, termina, cuya, cómo, tarjeta, en, para",¿Cómo proceso un reembolso para un cliente cuya tarjeta termina en 4093? Please advise....
463,54,"target, asap, merchant, latest, pull, report, transaction, help, 301, 3006",Can you help me pull the latest transaction report for merchant Target? ASAP....
464,47,"uber, asap, merchant, latest, report, pull, transaction, help, 3010, 3006",Can you help me pull the latest transaction report for merchant Uber? ASAP....
465,46,"apple, asap, merchant, latest, pull, report, transaction, help, 301, 3005",Can you help me pull the latest transaction report for merchant Apple? ASAP....
466,64,"google, pull, merchant, latest, report, transaction, asap, help, 3015, 3017",Can you help me pull the latest transaction report for merchant Google? ASAP....
467,39,"delta, pull, latest, report, merchant, transaction, help, 3014, 3009, 3004",Can you help me pull the latest transaction report for merchant Delta?...
468,50,"help, delta, pull, latest, report, merchant, transaction, 3014, 3013, 3012",Can you help me pull the latest transaction report for merchant Delta? Help....
469,56,"inr, exchange, current, settlements, international, rate, help, usd, último, 301",What is the current exchange rate for USD to INR for international settlements? Help....
470,54,"cad, international, exchange, current, rate, settlements, help, usd, 3016, 3010",What is the current exchange rate for USD to CAD for international settlements? Help....
471,51,"aud, pls, international, exchange, current, rate, settlements, usd, 3016, 3019",What is the current exchange rate for USD to AUD for international settlements? Pls....
472,46,"cny, international, exchange, current, rate, settlements, thanks, usd, 3017, 3018",What is the current exchange rate for USD to CNY for international settlements? Thanks....
473,57,"cny, exchange, settlements, current, rate, international, usd, 3016, 3018, 3019",What is the current exchange rate for USD to CNY for international settlements?...
474,39,"advance, refund, process, ends, customer, card, thanks, 9843, 7483, 9503",How do I process a refund for a customer whose card ends in 7373? Thanks in advance....
475,25,"refund, customer, ends, process, card, 3432, 1482, 6352, 9432, 8662",How do I process a refund for a customer whose card ends in 5582?...
476,44,"pls, refund, process, customer, ends, card, 4752, 9202, 8842, 5282",How do I process a refund for a customer whose card ends in 3112? Pls....
477,40,"urgent, refund, ends, process, customer, card, 8010, 5220, 2570, 9380",How do I process a refund for a customer whose card ends in 8680? Urgent....
478,33,"urgent, ends, process, customer, refund, card, 2881, 9511, 7471, 6801",How do I process a refund for a customer whose card ends in 2111? Urgent....
479,43,"urgent, refund, process, customer, ends, card, 9895, 9645, 8735, 9795",How do I process a refund for a customer whose card ends in 4585? Urgent....
480,15,"advise, process, customer, refund, ends, card, 8488, 8598, último, 3012",How do I process a refund for a customer whose card ends in 3508? Please advise....
481,30,"advance, termina, reembolso, proceso, cliente, cuya, tarjeta, cómo, en, thanks",¿Cómo proceso un reembolso para un cliente cuya tarjeta termina en 3529? Thanks in advance....
482,37,"cuya, proceso, termina, cliente, reembolso, cómo, tarjeta, en, para, 1164",¿Cómo proceso un reembolso para un cliente cuya tarjeta termina en 1624?...
483,31,"advise, reembolso, proceso, cliente, termina, cuya, cómo, tarjeta, en, para",¿Cómo proceso un reembolso para un cliente cuya tarjeta termina en 3045? Please advise....
484,55,"target, pls, merchant, latest, pull, report, transaction, help, 301, 3006",Can you help me pull the latest transaction report for merchant Target? Pls....
485,49,"uber, pls, merchant, latest, report, pull, transaction, help, 3010, 3006",Can you help me pull the latest transaction report for merchant Uber? Pls....
486,42,"apple, pls, merchant, latest, pull, report, transaction, help, 3010, 3006",Can you help me pull the latest transaction report for merchant Apple? Pls....
487,53,"google, pls, pull, latest, report, transaction, merchant, help, 3014, 3009",Can you help me pull the latest transaction report for merchant Google? Pls....
488,44,"inr, pls, rate, exchange, current, settlements, international, usd, 3010, 3006",What is the current exchange rate for USD to INR for international settlements? Pls....
489,68,"cad, pls, international, exchange, current, rate, settlements, usd, 3016, 3010",What is the current exchange rate for USD to CAD for international settlements? Pls....
490,52,"aud, international, exchange, current, rate, settlements, thanks, usd, 3016, 301",What is the current exchange rate for USD to AUD for international settlements? Thanks....
491,46,"aud, international, settlements, exchange, rate, current, usd, 3011, 3007, 3008",What is the current exchange rate for USD to AUD for international settlements?...
492,509,"need, dispute, account, charge, file, corporate, asap, 45, 43, 27",I need to file a dispute for a charge of $2921.48 on my corporate account. ASAP....
493,39,"advance, refund, ends, customer, process, card, thanks, 2995, 4745, 7715",How do I process a refund for a customer whose card ends in 4455? Thanks in advance....
494,40,"advance, customer, refund, ends, process, card, thanks, 9779, 9759, 9969",How do I process a refund for a customer whose card ends in 1329? Thanks in advance....
495,38,"pls, customer, refund, process, ends, card, 9724, 9434, 9644, 5544",How do I process a refund for a customer whose card ends in 9294? Pls....
496,27,"refund, process, ends, customer, card, help, 6662, 6762, 7612, 6042",How do I process a refund for a customer whose card ends in 1292? Help....
497,31,"asap, process, ends, refund, customer, card, 7201, 7561, 8081, 1651",How do I process a refund for a customer whose card ends in 6001? ASAP....
498,18,"asap, customer, refund, ends, process, card, 6971, 9991, 8621, 9541",How do I process a refund for a customer whose card ends in 8511? ASAP....
499,48,"urgent, customer, process, ends, refund, card, 2636, 2596, 8056, 9716",How do I process a refund for a customer whose card ends in 3166? Urgent....
500,37,"advise, ends, process, refund, customer, card, 8670, 9480, 9650, 2400",How do I process a refund for a customer whose card ends in 9560? Please advise....
501,45,"advise, ends, customer, process, refund, card, 9351, 4121, 1361, 3551",How do I process a refund for a customer whose card ends in 9691? Please advise....
502,35,"advise, ends, refund, customer, process, card, 6558, 7508, 2738, 1978",How do I process a refund for a customer whose card ends in 3048? Please advise....
503,19,"advance, termina, reembolso, cuya, cliente, proceso, tarjeta, cómo, en, thanks",¿Cómo proceso un reembolso para un cliente cuya tarjeta termina en 1365? Thanks in advance....
504,16,"advance, termina, reembolso, cuya, cliente, proceso, tarjeta, cómo, en, thanks",¿Cómo proceso un reembolso para un cliente cuya tarjeta termina en 3125? Thanks in advance....
505,38,"reembolso, termina, proceso, cuya, cliente, cómo, tarjeta, en, para, 9761",¿Cómo proceso un reembolso para un cliente cuya tarjeta termina en 9791?...
506,27,"reembolso, cuya, cliente, proceso, termina, tarjeta, cómo, en, help, para",¿Cómo proceso un reembolso para un cliente cuya tarjeta termina en 3532? Help....
507,32,"asap, termina, proceso, cliente, cuya, reembolso, cómo, tarjeta, en, para",¿Cómo proceso un reembolso para un cliente cuya tarjeta termina en 6949? ASAP....
508,49,"asap, proceso, cuya, reembolso, cliente, termina, cómo, tarjeta, en, para",¿Cómo proceso un reembolso para un cliente cuya tarjeta termina en 6843? ASAP....
509,34,"asap, proceso, termina, cuya, reembolso, cliente, tarjeta, cómo, en, para",¿Cómo proceso un reembolso para un cliente cuya tarjeta termina en 6336? ASAP....
510,20,"urgent, termina, proceso, cuya, reembolso, cliente, tarjeta, cómo, en, para",¿Cómo proceso un reembolso para un cliente cuya tarjeta termina en 6943? Urgent....
511,15,"urgent, cliente, cuya, proceso, termina, reembolso, cómo, tarjeta, en, para",¿Cómo proceso un reembolso para un cliente cuya tarjeta termina en 3705? Urgent....
512,45,"target, merchant, latest, pull, transaction, report, help, último, 3009, 3005",Can you help me pull the latest transaction report for merchant Target?...
513,36,"help, target, merchant, latest, pull, transaction, report, último, 3009, 3005",Can you help me pull the latest transaction report for merchant Target? Help....
514,43,"uber, merchant, latest, pull, transaction, report, help, último, 301, 3005",Can you help me pull the latest transaction report for merchant Uber?...
515,55,"help, uber, merchant, latest, pull, transaction, report, último, 301, 3005",Can you help me pull the latest transaction report for merchant Uber? Help....
516,37,"apple, merchant, pull, latest, transaction, report, help, 301, 3005, 3006",Can you help me pull the latest transaction report for merchant Apple?...
517,46,"help, apple, merchant, pull, latest, transaction, report, 301, 3005, 3006",Can you help me pull the latest transaction report for merchant Apple? Help....
518,51,"google, merchant, latest, pull, transaction, report, help, 301, 3004, 3005",Can you help me pull the latest transaction report for merchant Google?...
519,46,"help, google, merchant, latest, pull, transaction, report, 301, 3004, 3005",Can you help me pull the latest transaction report for merchant Google? Help....
520,47,"inr, rate, exchange, current, settlements, international, thanks, usd, 301, 3005",What is the current exchange rate for USD to INR for international settlements? Thanks....
521,40,"inr, rate, exchange, current, international, settlements, usd, 3014, 3017, 3005",What is the current exchange rate for USD to INR for international settlements?...
522,44,"cad, international, exchange, current, rate, settlements, thanks, usd, 3016, 3018",What is the current exchange rate for USD to CAD for international settlements? Thanks....
523,55,"cad, international, settlements, exchange, rate, current, usd, 3011, 3007, 3008",What is the current exchange rate for USD to CAD for international settlements?...
524,28,"refund, process, ends, customer, card, thanks, 9574, 7324, 7644, 7074",How do I process a refund for a customer whose card ends in 6434? Thanks....
525,43,"process, ends, customer, refund, card, 4066, 9746, 9496, 7546, 1866",How do I process a refund for a customer whose card ends in 1696?...
526,41,"ends, customer, refund, process, card, 9871, 3751, 2251, 4221, 6141",How do I process a refund for a customer whose card ends in 7651?...
527,43,"pls, customer, ends, refund, process, card, 6621, 2881, 9021, 9381",How do I process a refund for a customer whose card ends in 2431? Pls....
528,44,"urgent, process, refund, customer, ends, card, 7373, 8083, 6953, 2393",How do I process a refund for a customer whose card ends in 7373? Urgent....
529,36,"urgent, refund, process, customer, ends, card, 5729, 9499, 4969, 2619",How do I process a refund for a customer whose card ends in 1389? Urgent....
530,40,"advise, ends, refund, customer, process, card, 1246, 1126, 8656, 9726",How do I process a refund for a customer whose card ends in 9246? Please advise....
531,41,"asap, reembolso, termina, cuya, proceso, cliente, cómo, tarjeta, en, para",¿Cómo proceso un reembolso para un cliente cuya tarjeta termina en 5948? ASAP....
532,32,"urgent, termina, reembolso, proceso, cuya, cliente, tarjeta, cómo, en, para",¿Cómo proceso un reembolso para un cliente cuya tarjeta termina en 3911? Urgent....
533,29,"advise, proceso, cliente, termina, reembolso, cuya, tarjeta, cómo, en, para",¿Cómo proceso un reembolso para un cliente cuya tarjeta termina en 3999? Please advise....
534,36,"advise, reembolso, cuya, cliente, termina, proceso, tarjeta, cómo, en, para",¿Cómo proceso un reembolso para un cliente cuya tarjeta termina en 6336? Please advise....
535,35,"process, customer, ends, refund, card, thanks, 7838, 5118, 9628, 8618",How do I process a refund for a customer whose card ends in 4448? Thanks....
536,15,"refund, customer, process, ends, card, thanks, 7193, 3453, 3913, 8223",How do I process a refund for a customer whose card ends in 3913? Thanks....
537,21,"refund, ends, process, customer, card, thanks, 1943, 6983, 7483, 8483",How do I process a refund for a customer whose card ends in 1033? Thanks....
538,43,"refund, ends, process, customer, card, thanks, 8660, 9530, 9190, 9360",How do I process a refund for a customer whose card ends in 8420? Thanks....
539,25,"ends, customer, process, refund, card, thanks, 9101, 9581, 2421, 6891",How do I process a refund for a customer whose card ends in 3361? Thanks....
540,34,"customer, process, ends, refund, card, 6988, 9658, 5838, 3338, 5278",How do I process a refund for a customer whose card ends in 4028?...
541,36,"ends, customer, process, refund, card, 1720, 8640, 8260, 5690, 8960",How do I process a refund for a customer whose card ends in 2600?...
542,41,"ends, process, refund, customer, card, 5514, 2044, 9704, 1104, 5434",How do I process a refund for a customer whose card ends in 9034?...
543,35,"asap, refund, customer, process, ends, card, 8280, 1220, 2340, 6530",How do I process a refund for a customer whose card ends in 3970? ASAP....
544,31,"advise, customer, refund, ends, process, card, 4593, 4003, 9703, 3913",How do I process a refund for a customer whose card ends in 4003? Please advise....
545,32,"reembolso, proceso, cuya, cliente, termina, cómo, tarjeta, en, para, 2250",¿Cómo proceso un reembolso para un cliente cuya tarjeta termina en 7800?...
546,39,"pls, termina, proceso, cuya, cliente, reembolso, cómo, tarjeta, en, para",¿Cómo proceso un reembolso para un cliente cuya tarjeta termina en 7374? Pls....
547,33,"pls, termina, proceso, cuya, reembolso, cliente, cómo, tarjeta, en, para",¿Cómo proceso un reembolso para un cliente cuya tarjeta termina en 9710? Pls....
548,57,"pls, cliente, cuya, reembolso, proceso, termina, tarjeta, cómo, en, para",¿Cómo proceso un reembolso para un cliente cuya tarjeta termina en 5671? Pls....
549,28,"asap, cliente, termina, reembolso, proceso, cuya, tarjeta, cómo, en, para",¿Cómo proceso un reembolso para un cliente cuya tarjeta termina en 3655? ASAP....
550,18,"asap, termina, reembolso, cliente, proceso, cuya, tarjeta, cómo, en, para",¿Cómo proceso un reembolso para un cliente cuya tarjeta termina en 9095? ASAP....
551,17,"urgent, proceso, cuya, termina, reembolso, cliente, tarjeta, cómo, en, para",¿Cómo proceso un reembolso para un cliente cuya tarjeta termina en 2040? Urgent....
552,16,"urgent, termina, cuya, cliente, proceso, reembolso, cómo, tarjeta, en, para",¿Cómo proceso un reembolso para un cliente cuya tarjeta termina en 7440? Urgent....
553,44,"ends, customer, process, refund, card, thanks, 2895, 8815, 8465, 6915",How do I process a refund for a customer whose card ends in 7755? Thanks....
554,38,"refund, ends, customer, process, card, 8953, 9623, 9713, 4863, 4823",How do I process a refund for a customer whose card ends in 4993?...
555,45,"pls, process, refund, customer, ends, card, 6540, 5250, 3060, 9770",How do I process a refund for a customer whose card ends in 5250? Pls....
556,52,"advise, refund, customer, process, ends, card, 4365, 3155, 4975, 8665",How do I process a refund for a customer whose card ends in 2965? Please advise....
557,33,"advise, ends, customer, process, refund, card, 5889, 1789, 9449, 7099",How do I process a refund for a customer whose card ends in 1449? Please advise....
558,30,"advise, customer, refund, process, ends, card, 8099, 2219, 1235, 8565",How do I process a refund for a customer whose card ends in 1323? Please advise....
559,16,"advise, customer, process, refund, ends, card, 7940, 8240, 8430, 8100",How do I process a refund for a customer whose card ends in 8100? Please advise....
560,29,"proceso, termina, reembolso, cuya, cliente, cómo, tarjeta, en, para, 4298",¿Cómo proceso un reembolso para un cliente cuya tarjeta termina en 1948?...
561,33,"pls, reembolso, cliente, termina, cuya, proceso, tarjeta, cómo, en, para",¿Cómo proceso un reembolso para un cliente cuya tarjeta termina en 2443? Pls....
562,24,"advise, cliente, proceso, reembolso, cuya, termina, cómo, tarjeta, en, para",¿Cómo proceso un reembolso para un cliente cuya tarjeta termina en 8413? Please advise....
563,449,"need, charge, account, dispute, file, corporate, help, 04, 60, 91",I need to file a dispute for a charge of $872.06 on my corporate account. Help....
564,477,"cargo, presentar, necesito, una, cuenta, disputa, por, corporativa, mi, asap",Necesito presentar una disputa por un cargo de $1165.52 en mi cuenta corporativa. ASAP....
565,40,"customer, process, ends, refund, card, thanks, 3979, 9589, 9609, 9719",How do I process a refund for a customer whose card ends in 3979? Thanks....
566,34,"process, ends, customer, refund, card, 1299, 9699, 9489, 2189, 6159",How do I process a refund for a customer whose card ends in 9719?...
567,36,"asap, ends, customer, process, refund, card, 1223, 9753, 9473, 7423",How do I process a refund for a customer whose card ends in 4423? ASAP....
568,33,"pls, cliente, reembolso, proceso, termina, cuya, tarjeta, cómo, en, para",¿Cómo proceso un reembolso para un cliente cuya tarjeta termina en 4786? Pls....
569,26,"cuya, termina, cliente, proceso, reembolso, tarjeta, cómo, en, help, para",¿Cómo proceso un reembolso para un cliente cuya tarjeta termina en 2694? Help....
570,32,"urgent, cliente, reembolso, proceso, cuya, termina, cómo, tarjeta, en, para",¿Cómo proceso un reembolso para un cliente cuya tarjeta termina en 9575? Urgent....
571,18,"customer, ends, process, refund, card, thanks, 1866, 8596, 8006, 7066",How do I process a refund for a customer whose card ends in 6996? Thanks....
572,24,"ends, customer, process, refund, card, thanks, 4916, 2076, 9556, 5116",How do I process a refund for a customer whose card ends in 8776? Thanks....
573,18,"refund, ends, customer, process, card, 2905, 3795, 7195, 6325, 7635",How do I process a refund for a customer whose card ends in 3795?...
574,27,"customer, ends, refund, process, card, 9525, 9715, 6575, 8635, 3685",How do I process a refund for a customer whose card ends in 4755?...
575,39,"pls, ends, refund, customer, process, card, 1678, 9148, 5218, 3648",How do I process a refund for a customer whose card ends in 4568? Pls....
576,34,"pls, refund, customer, process, ends, card, 7559, 9279, 8499, 8619",How do I process a refund for a customer whose card ends in 4719? Pls....
577,40,"pls, ends, customer, process, refund, card, 4156, 1136, 9396, 8936",How do I process a refund for a customer whose card ends in 4156? Pls....
578,25,"pls, ends, process, refund, customer, card, 8215, 2343, 8395, 8165",How do I process a refund for a customer whose card ends in 7055? Pls....
579,17,"pls, process, customer, refund, ends, card, 8319, 8586, 2366, 7939",How do I process a refund for a customer whose card ends in 5879? Pls....
580,32,"refund, ends, process, customer, card, help, 6471, 9911, 7941, 7111",How do I process a refund for a customer whose card ends in 1591? Help....
581,31,"asap, process, refund, customer, ends, card, 9518, 9998, 8388, 2648",How do I process a refund for a customer whose card ends in 6348? ASAP....
582,34,"reembolso, proceso, cuya, termina, cliente, cómo, tarjeta, en, para, 4743",¿Cómo proceso un reembolso para un cliente cuya tarjeta termina en 1173?...
583,29,"pls, reembolso, proceso, cuya, cliente, termina, tarjeta, cómo, en, para",¿Cómo proceso un reembolso para un cliente cuya tarjeta termina en 9809? Pls....
584,15,"advise, cliente, proceso, reembolso, cuya, termina, cómo, tarjeta, en, para",¿Cómo proceso un reembolso para un cliente cuya tarjeta termina en 5015? Please advise....
585,16,"advise, cuya, cliente, proceso, termina, reembolso, cómo, tarjeta, en, para",¿Cómo proceso un reembolso para un cliente cuya tarjeta termina en 1699? Please advise....
586,30,"pls, process, ends, refund, customer, card, 2953, 5923, 8903, 2053",How do I process a refund for a customer whose card ends in 4913? Pls....
587,41,"pls, refund, process, ends, customer, card, 7285, 7925, 4035, 9545",How do I process a refund for a customer whose card ends in 6685? Pls....
588,29,"asap, ends, process, customer, refund, card, 9055, 9635, 1075, 2545",How do I process a refund for a customer whose card ends in 2545? ASAP....
589,37,"termina, reembolso, cuya, proceso, cliente, tarjeta, cómo, en, para, 3309",¿Cómo proceso un reembolso para un cliente cuya tarjeta termina en 7979?...
590,37,"cuya, cliente, termina, proceso, reembolso, cómo, tarjeta, en, para, 6315",¿Cómo proceso un reembolso para un cliente cuya tarjeta termina en 9565?...
591,18,"reembolso, cuya, cliente, termina, proceso, tarjeta, cómo, en, para, 4886",¿Cómo proceso un reembolso para un cliente cuya tarjeta termina en 5196?...
592,17,"cuya, cliente, proceso, reembolso, termina, cómo, tarjeta, en, para, 1766",¿Cómo proceso un reembolso para un cliente cuya tarjeta termina en 9436?...
593,28,"reembolso, cuya, cliente, termina, proceso, cómo, tarjeta, en, help, para",¿Cómo proceso un reembolso para un cliente cuya tarjeta termina en 2101? Help....
594,21,"urgent, proceso, reembolso, cliente, termina, cuya, cómo, tarjeta, en, para",¿Cómo proceso un reembolso para un cliente cuya tarjeta termina en 6729? Urgent....
595,15,"urgent, cuya, cliente, termina, reembolso, proceso, cómo, tarjeta, en, para",¿Cómo proceso un reembolso para un cliente cuya tarjeta termina en 2989? Urgent....
596,15,"urgent, cuya, termina, proceso, reembolso, cliente, cómo, tarjeta, en, para",¿Cómo proceso un reembolso para un cliente cuya tarjeta termina en 2903? Urgent....
597,18,"urgent, cliente, proceso, termina, reembolso, cuya, tarjeta, cómo, en, para",¿Cómo proceso un reembolso para un cliente cuya tarjeta termina en 6353? Urgent....
598,422,"dispute, need, charge, file, account, corporate, thanks, 08, 44, 00",I need to file a dispute for a charge of $65.33 on my corporate account. Thanks....
599,28,"asap, customer, process, ends, refund, card, 9019, 5709, 4749, 4119",How do I process a refund for a customer whose card ends in 8829? ASAP....
600,34,"asap, customer, ends, refund, process, card, 1686, 5016, 9576, 5416",How do I process a refund for a customer whose card ends in 4406? ASAP....
601,38,"reembolso, cliente, proceso, termina, cuya, cómo, tarjeta, en, help, para",¿Cómo proceso un reembolso para un cliente cuya tarjeta termina en 2710? Help....
602,39,"urgent, cliente, cuya, reembolso, proceso, termina, tarjeta, cómo, en, para",¿Cómo proceso un reembolso para un cliente cuya tarjeta termina en 2816? Urgent....
603,33,"urgent, reembolso, cuya, proceso, cliente, termina, cómo, tarjeta, en, para",¿Cómo proceso un reembolso para un cliente cuya tarjeta termina en 1398? Urgent....
604,442,"cargo, necesito, una, disputa, cuenta, presentar, por, mi, corporativa, en",Necesito presentar una disputa por un cargo de $4554.25 en mi cuenta corporativa. Help....
605,28,"ends, refund, customer, process, card, help, 8624, 6384, 9194, 8594",How do I process a refund for a customer whose card ends in 5064? Help....
606,34,"pls, reembolso, cuya, proceso, termina, cliente, tarjeta, cómo, en, para",¿Cómo proceso un reembolso para un cliente cuya tarjeta termina en 5835? Pls....
607,34,"pls, proceso, reembolso, cuya, cliente, termina, tarjeta, cómo, en, para",¿Cómo proceso un reembolso para un cliente cuya tarjeta termina en 8828? Pls....
608,442,"necesito, disputa, cuenta, una, presentar, cargo, mi, por, corporativa, en",Necesito presentar una disputa por un cargo de $717.24 en mi cuenta corporativa. Thanks....
609,42,"customer, refund, process, ends, card, help, 3776, 9766, 1086, 6646",How do I process a refund for a customer whose card ends in 5416? Help....
610,30,"cliente, reembolso, cuya, proceso, termina, cómo, tarjeta, en, help, para",¿Cómo proceso un reembolso para un cliente cuya tarjeta termina en 5278? Help....
611,48,"termina, reembolso, proceso, cliente, cuya, tarjeta, cómo, en, help, para",¿Cómo proceso un reembolso para un cliente cuya tarjeta termina en 8886? Help....
612,28,"ends, process, refund, customer, card, help, 9258, 3278, 8388, 7198",How do I process a refund for a customer whose card ends in 2488? Help....
613,34,"proceso, cliente, cuya, reembolso, termina, cómo, tarjeta, en, help, para",¿Cómo proceso un reembolso para un cliente cuya tarjeta termina en 3273? Help....
614,421,"presentar, necesito, una, cuenta, cargo, disputa, mi, corporativa, por, en",Necesito presentar una disputa por un cargo de $4254.78 en mi cuenta corporativa....
615,484,"disputa, una, cuenta, necesito, cargo, presentar, mi, por, corporativa, pls",Necesito presentar una disputa por un cargo de $1169.20 en mi cuenta corporativa. Pls....
616,31,"process, refund, ends, customer, card, help, 9669, 8839, 8869, 4919",How do I process a refund for a customer whose card ends in 1129? Help....
617,37,"cliente, cuya, reembolso, proceso, termina, tarjeta, cómo, en, help, para",¿Cómo proceso un reembolso para un cliente cuya tarjeta termina en 3909? Help....
618,40,"cliente, reembolso, proceso, cuya, termina, cómo, tarjeta, en, help, para",¿Cómo proceso un reembolso para un cliente cuya tarjeta termina en 3855? Help....
619,47,"refund, ends, process, customer, card, help, 3455, 7865, 5575, 8975",How do I process a refund for a customer whose card ends in 2385? Help....
620,35,"customer, ends, process, refund, card, help, 5953, 9583, 8623, 2263",How do I process a refund for a customer whose card ends in 9793? Help....
621,34,"ends, refund, process, customer, card, help, 5170, 8340, 1460, 9760",How do I process a refund for a customer whose card ends in 3310? Help....
622,479,"account, charge, file, dispute, need, corporate, 72, 79, 32, 51",I need to file a dispute for a charge of $1466.79 on my corporate account....
623,425,"dispute, charge, need, account, file, corporate, pls, 36, 13, 84",I need to file a dispute for a charge of $1698.62 on my corporate account. Pls....
